ES_ID,StudyID,Title,Authors,Year,DOI,Biodiv_ES,Biodiv_ESType,Biodiv_measure,Biodiv_sample_size,Biodiv_CI_lower,Biodiv_CI_upper,Taxonomic_group,Management_grouped,SE,SD,ConfidenceInterval
ES001,FEB23_02,Does plant diversity benefit agroecosystems? A synthetic review,Letourneauetal2011,2011,http://dx.doi.org/10.1890/09-2026.1,-1.253852031,HedgesD,Ab,221,N,N,invertebrates,diversification,0.202313007,,95% confidence interval
ES002,FEB23_02,Does plant diversity benefit agroecosystems? A synthetic review,Letourneauetal2011,2011,http://dx.doi.org/10.1890/09-2026.1,-1.42,HedgesD,Ab,100,-2.09,-0.84,invertebrates,diversification,,,95% confidence interval
ES003,FEB23_02,Does plant diversity benefit agroecosystems? A synthetic review,Letourneauetal2011,2011,http://dx.doi.org/10.1890/09-2026.1,-1.3,HedgesD,Ab,43,-1.87,-0.82,invertebrates,diversification,,,95% confidence interval
ES004,FEB23_02,Does plant diversity benefit agroecosystems? A synthetic review,Letourneauetal2011,2011,http://dx.doi.org/10.1890/09-2026.1,-2.43,HedgesD,Ab,23,-4.07,-0.99,invertebrates,diversification,,,95% confidence interval
ES005,FEB23_02,Does plant diversity benefit agroecosystems? A synthetic review,Letourneauetal2011,2011,http://dx.doi.org/10.1890/09-2026.1,-0.49,HedgesD,Ab,8,-1.16,0.03,invertebrates,diversification,,,95% confidence interval
ES006,FEB23_02,Does plant diversity benefit agroecosystems? A synthetic review,Letourneauetal2011,2011,http://dx.doi.org/10.1890/09-2026.1,-0.86,HedgesD,Ab,29,-2.01,0.03,invertebrates,diversification,,,95% confidence interval
ES007,FEB23_02,Does plant diversity benefit agroecosystems? A synthetic review,Letourneauetal2011,2011,http://dx.doi.org/10.1890/09-2026.1,0.01,HedgesD,Ab,17,-0.12,0.13,invertebrates,diversification,,,95% confidence interval
ES008,FEB23_02,Does plant diversity benefit agroecosystems? A synthetic review,Letourneauetal2011,2011,http://dx.doi.org/10.1890/09-2026.1,1.375018163,HedgesD,Ab,148,N,N,invertebrates,diversification,0.254764527,,95% confidence interval
ES009,FEB23_02,Does plant diversity benefit agroecosystems? A synthetic review,Letourneauetal2011,2011,http://dx.doi.org/10.1890/09-2026.1,2.26,HedgesD,Ab,49,0.86,3.8,invertebrates,diversification,,,95% confidence interval
ES010,FEB23_02,Does plant diversity benefit agroecosystems? A synthetic review,Letourneauetal2011,2011,http://dx.doi.org/10.1890/09-2026.1,0.04,HedgesD,Ab,17,-0.19,0.31,invertebrates,diversification,,,95% confidence interval
ES011,FEB23_02,Does plant diversity benefit agroecosystems? A synthetic review,Letourneauetal2011,2011,http://dx.doi.org/10.1890/09-2026.1,1.85,HedgesD,Ab,4,-0.21,3.91,invertebrates,diversification,,,95% confidence interval
ES012,FEB23_02,Does plant diversity benefit agroecosystems? A synthetic review,Letourneauetal2011,2011,http://dx.doi.org/10.1890/09-2026.1,1.3,HedgesD,Ab,30,0.93,1.73,invertebrates,diversification,,,95% confidence interval
ES013,FEB23_02,Does plant diversity benefit agroecosystems? A synthetic review,Letourneauetal2011,2011,http://dx.doi.org/10.1890/09-2026.1,0.43,HedgesD,Ab,17,0.04,0.82,invertebrates,diversification,,,95% confidence interval
ES014,FEB23_02,Does plant diversity benefit agroecosystems? A synthetic review,Letourneauetal2011,2011,http://dx.doi.org/10.1890/09-2026.1,1.23,HedgesD,Ab,19,0.21,2.84,invertebrates,diversification,,,95% confidence interval
ES015,FEB23_02,Does plant diversity benefit agroecosystems? A synthetic review,Letourneauetal2011,2011,http://dx.doi.org/10.1890/09-2026.1,0.95,HedgesD,Ab,12,0.52,1.42,invertebrates,diversification,,,95% confidence interval
ES016,FEB23_06,Contrasting effects of water and nutrient additions on grassland communities: A global meta-analysis,DeMalachetal2017,2017,http://dx.doi.org/10.1111/geb.12603,1.170682731,LRR,SR,41,N,N,all,nutrient addition(water),0.032784198,,95% confidence interval
ES017,FEB23_06,Contrasting effects of water and nutrient additions on grassland communities: A global meta-analysis,DeMalachetal2017,2017,http://dx.doi.org/10.1111/geb.12603,1.206827309,LRR,SR,19,N,N,all,nutrient addition(water),0.036882223,,95% confidence interval
ES018,FEB23_06,Contrasting effects of water and nutrient additions on grassland communities: A global meta-analysis,DeMalachetal2017,2017,http://dx.doi.org/10.1111/geb.12603,0.897590361,LRR,SR,17,N,N,all,nutrient addition(nitrogen),0.049176297,,95% confidence interval
ES019,FEB23_06,Contrasting effects of water and nutrient additions on grassland communities: A global meta-analysis,DeMalachetal2017,2017,http://dx.doi.org/10.1111/geb.12603,0.949799197,LRR,SR,19,N,N,all,nutrient addition(water+nitrogen),0.067617408,,95% confidence interval
ES020,FEB23_07,Mowing and warming effects on grassland species richness and harvested biomass: meta-analyses,Pisedduetal2021,2021,http://dx.doi.org/10.1007/s13593-021-00722-y,0.28,LRR,SR,46,0.19,0.37,all,vegetation removal,,,95% confidence interval
ES021,FEB23_10,Conventional land-use intensification reduces species richness and increases production: A global meta-analysis,Beckmannetal2019,2019,http://dx.doi.org/10.1111/gcb.14606,-8.756476684,Percentage change,SR,292,N,N,all,intensification,2.696415354,,95% confidence interval
ES022,FEB23_10,Conventional land-use intensification reduces species richness and increases production: A global meta-analysis,Beckmannetal2019,2019,http://dx.doi.org/10.1111/gcb.14606,-1.295336788,Percentage change,SR,16,N,N,all,intensification,3.489478693,,95% confidence interval
ES023,FEB23_10,Conventional land-use intensification reduces species richness and increases production: A global meta-analysis,Beckmannetal2019,2019,http://dx.doi.org/10.1111/gcb.14606,-8.134715026,Percentage change,SR,70,N,N,all,intensification,3.013640689,,95% confidence interval
ES024,FEB23_10,Conventional land-use intensification reduces species richness and increases production: A global meta-analysis,Beckmannetal2019,2019,http://dx.doi.org/10.1111/gcb.14606,-12.48704663,Percentage change,SR,31,N,N,all,intensification,6.66173205,,95% confidence interval
ES025,FEB23_10,Conventional land-use intensification reduces species richness and increases production: A global meta-analysis,Beckmannetal2019,2019,http://dx.doi.org/10.1111/gcb.14606,-23.05699482,Percentage change,SR,29,N,N,all,intensification,2.537802686,,95% confidence interval
ES026,FEB23_10,Conventional land-use intensification reduces species richness and increases production: A global meta-analysis,Beckmannetal2019,2019,http://dx.doi.org/10.1111/gcb.14606,-6.580310881,Percentage change,SR,81,N,N,all,intensification,3.013640689,,95% confidence interval
ES027,FEB23_10,Conventional land-use intensification reduces species richness and increases production: A global meta-analysis,Beckmannetal2019,2019,http://dx.doi.org/10.1111/gcb.14606,-6.580310881,Percentage change,SR,65,N,N,all,intensification,3.013640689,,95% confidence interval
ES028,FEB23_10,Conventional land-use intensification reduces species richness and increases production: A global meta-analysis,Beckmannetal2019,2019,http://dx.doi.org/10.1111/gcb.14606,-1.256281407,Percentage change,SR,147,N,N,all,intensification,3.538098657,,95% confidence interval
ES029,FEB23_10,Conventional land-use intensification reduces species richness and increases production: A global meta-analysis,Beckmannetal2019,2019,http://dx.doi.org/10.1111/gcb.14606,0.552763819,Percentage change,SR,92,N,N,plants,intensification,5.07640242,,95% confidence interval
ES030,FEB23_10,Conventional land-use intensification reduces species richness and increases production: A global meta-analysis,Beckmannetal2019,2019,http://dx.doi.org/10.1111/gcb.14606,-7.286432161,Percentage change,SR,26,N,N,invertebrates,intensification,7.845349195,,95% confidence interval
ES031,FEB23_10,Conventional land-use intensification reduces species richness and increases production: A global meta-analysis,Beckmannetal2019,2019,http://dx.doi.org/10.1111/gcb.14606,-0.351758794,Percentage change,SR,29,N,N,vertebrates,intensification,7.230027689,,95% confidence interval
ES032,FEB23_10,Conventional land-use intensification reduces species richness and increases production: A global meta-analysis,Beckmannetal2019,2019,http://dx.doi.org/10.1111/gcb.14606,-20.85427136,Percentage change,SR,59,N,N,plants,intensification,4.153420162,,95% confidence interval
ES033,FEB23_10,Conventional land-use intensification reduces species richness and increases production: A global meta-analysis,Beckmannetal2019,2019,http://dx.doi.org/10.1111/gcb.14606,-37.73869347,Percentage change,SR,26,N,N,plants,intensification,4.768741668,,95% confidence interval
ES034,FEB23_10,Conventional land-use intensification reduces species richness and increases production: A global meta-analysis,Beckmannetal2019,2019,http://dx.doi.org/10.1111/gcb.14606,-0.653266332,Percentage change,SR,19,N,N,invertebrates,intensification,8.614501077,,95% confidence interval
ES035,FEB23_10,Conventional land-use intensification reduces species richness and increases production: A global meta-analysis,Beckmannetal2019,2019,http://dx.doi.org/10.1111/gcb.14606,-10.90452261,Percentage change,SR,14,N,N,vertebrates,intensification,9.229822582,,95% confidence interval
ES036,FEB23_10,Conventional land-use intensification reduces species richness and increases production: A global meta-analysis,Beckmannetal2019,2019,http://dx.doi.org/10.1111/gcb.14606,-12.11055276,Percentage change,SR,86,N,N,plants,intensification,4.461080915,,95% confidence interval
ES037,FEB23_10,Conventional land-use intensification reduces species richness and increases production: A global meta-analysis,Beckmannetal2019,2019,http://dx.doi.org/10.1111/gcb.14606,-11.80904523,Percentage change,SR,63,N,N,plants,intensification,5.537893549,,95% confidence interval
ES038,FEB23_10,Conventional land-use intensification reduces species richness and increases production: A global meta-analysis,Beckmannetal2019,2019,http://dx.doi.org/10.1111/gcb.14606,-15.72864322,Percentage change,SR,9,N,N,invertebrates,intensification,10.61429597,,95% confidence interval
ES039,FEB23_10,Conventional land-use intensification reduces species richness and increases production: A global meta-analysis,Beckmannetal2019,2019,http://dx.doi.org/10.1111/gcb.14606,-13.61809045,Percentage change,SR,14,N,N,vertebrates,intensification,17.38283253,,95% confidence interval
ES040,FEB23_132,"Global negative effects of nutrient enrichment on arbuscular mycorrhizal fungi, plant diversity and ecosystem multifunctionality",Maetal2020,2020,http://dx.doi.org/10.1111/nph.17077,-0.089189189,LRR,Sh,127,N,N,fungi,intensification,0.019305019,,95% confidence interval
ES041,FEB23_132,"Global negative effects of nutrient enrichment on arbuscular mycorrhizal fungi, plant diversity and ecosystem multifunctionality",Maetal2020,2020,http://dx.doi.org/10.1111/nph.17077,-0.045945946,LRR,Sh,67,N,N,fungi,intensification,0.022062879,,95% confidence interval
ES042,FEB23_132,"Global negative effects of nutrient enrichment on arbuscular mycorrhizal fungi, plant diversity and ecosystem multifunctionality",Maetal2020,2020,http://dx.doi.org/10.1111/nph.17077,-0.175675676,LRR,Sh,19,N,N,fungi,intensification,0.060672918,,95% confidence interval
ES043,FEB23_132,"Global negative effects of nutrient enrichment on arbuscular mycorrhizal fungi, plant diversity and ecosystem multifunctionality",Maetal2020,2020,http://dx.doi.org/10.1111/nph.17077,-0.137837838,LRR,Sh,41,N,N,fungi,intensification,0.038610039,,95% confidence interval
ES044,FEB23_132,"Global negative effects of nutrient enrichment on arbuscular mycorrhizal fungi, plant diversity and ecosystem multifunctionality",Maetal2020,2020,http://dx.doi.org/10.1111/nph.17077,-0.132432432,LRR,Sh,15,N,N,fungi,intensification,0.066188638,,95% confidence interval
ES045,FEB23_132,"Global negative effects of nutrient enrichment on arbuscular mycorrhizal fungi, plant diversity and ecosystem multifunctionality",Maetal2020,2020,http://dx.doi.org/10.1111/nph.17077,-0.1,LRR,Sh,23,N,N,fungi,intensification,0.049641478,,95% confidence interval
ES046,FEB23_132,"Global negative effects of nutrient enrichment on arbuscular mycorrhizal fungi, plant diversity and ecosystem multifunctionality",Maetal2020,2020,http://dx.doi.org/10.1111/nph.17077,-0.094594595,LRR,Sh,57,N,N,fungi,intensification,0.019305019,,95% confidence interval
ES047,FEB23_132,"Global negative effects of nutrient enrichment on arbuscular mycorrhizal fungi, plant diversity and ecosystem multifunctionality",Maetal2020,2020,http://dx.doi.org/10.1111/nph.17077,-0.002702703,LRR,Sh,32,N,N,fungi,intensification,0.038610039,,95% confidence interval
ES048,FEB23_132,"Global negative effects of nutrient enrichment on arbuscular mycorrhizal fungi, plant diversity and ecosystem multifunctionality",Maetal2020,2020,http://dx.doi.org/10.1111/nph.17077,-0.117647059,LRR,SR,169,N,N,fungi,intensification,0.019293432,,95% confidence interval
ES049,FEB23_132,"Global negative effects of nutrient enrichment on arbuscular mycorrhizal fungi, plant diversity and ecosystem multifunctionality",Maetal2020,2020,http://dx.doi.org/10.1111/nph.17077,-0.067226891,LRR,SR,86,N,N,fungi,intensification,0.025724576,,95% confidence interval
ES050,FEB23_132,"Global negative effects of nutrient enrichment on arbuscular mycorrhizal fungi, plant diversity and ecosystem multifunctionality",Maetal2020,2020,http://dx.doi.org/10.1111/nph.17077,-0.113445378,LRR,SR,26,N,N,fungi,intensification,0.045018007,,95% confidence interval
ES051,FEB23_132,"Global negative effects of nutrient enrichment on arbuscular mycorrhizal fungi, plant diversity and ecosystem multifunctionality",Maetal2020,2020,http://dx.doi.org/10.1111/nph.17077,-0.205882353,LRR,SR,57,N,N,fungi,intensification,0.040730578,,95% confidence interval
ES052,FEB23_132,"Global negative effects of nutrient enrichment on arbuscular mycorrhizal fungi, plant diversity and ecosystem multifunctionality",Maetal2020,2020,http://dx.doi.org/10.1111/nph.17077,-0.214285714,LRR,SR,33,N,N,fungi,intensification,0.042874293,,95% confidence interval
ES053,FEB23_132,"Global negative effects of nutrient enrichment on arbuscular mycorrhizal fungi, plant diversity and ecosystem multifunctionality",Maetal2020,2020,http://dx.doi.org/10.1111/nph.17077,-0.096638655,LRR,SR,32,N,N,fungi,intensification,0.042874293,,95% confidence interval
ES054,FEB23_132,"Global negative effects of nutrient enrichment on arbuscular mycorrhizal fungi, plant diversity and ecosystem multifunctionality",Maetal2020,2020,http://dx.doi.org/10.1111/nph.17077,-0.193277311,LRR,SR,58,N,N,fungi,intensification,0.030012005,,95% confidence interval
ES055,FEB23_132,"Global negative effects of nutrient enrichment on arbuscular mycorrhizal fungi, plant diversity and ecosystem multifunctionality",Maetal2020,2020,http://dx.doi.org/10.1111/nph.17077,0.071428571,LRR,SR,46,N,N,fungi,intensification,0.040730578,,95% confidence interval
ES056,FEB23_146,The effects of thinning and burning on understory vegetation in North America: A meta-analysis,Willmsetal2017,2017,http://dx.doi.org/10.1016/j.foreco.2017.03.010,1.2,StdMeanDiff,SR,7,0.75,1.64,all,vegetation removal,,,95% confidence interval
ES057,FEB23_193,"Effect of forest stand management on species composition, structural diversity, and productivity in the temperate zone of Europe",Dieleretal2017,2017,http://dx.doi.org/10.1007/s10342-017-1056-1,0.96,RR,SR,29,0.88,1.05,all,vegetation removal,,,95% confidence interval
ES058,FEB23_193,"Effect of forest stand management on species composition, structural diversity, and productivity in the temperate zone of Europe",Dieleretal2017,2017,http://dx.doi.org/10.1007/s10342-017-1056-1,1,RR,Sh,15,0.86,1.15,all,vegetation removal,,,95% confidence interval
ES059,FEB23_224,Cocoa agroforestry systems versus monocultures: a multi-dimensional meta-analysis,Nietheretal2020,2020,http://dx.doi.org/10.1088/1748-9326/abb053,4.672897196,HedgesG,SR,5,N,N,animals,diversification,1.621209231,,95% confidence interval
ES060,FEB23_226,Vegetation responses and trade-offs with soil-related ecosystem services after shrub removal: A meta-analysis,Daryantoetal2019,2019,http://dx.doi.org/10.1002/ldr.3310,11.02941176,Percentage change,Diversity,4,N,N,plants,vegetation removal,3.93907563,,95% confidence interval
ES061,FEB23_226,Vegetation responses and trade-offs with soil-related ecosystem services after shrub removal: A meta-analysis,Daryantoetal2019,2019,http://dx.doi.org/10.1002/ldr.3310,-2.205882353,Percentage change,Diversity,4,N,N,plants,vegetation removal,9.191176471,,95% confidence interval
ES062,FEB23_226,Vegetation responses and trade-offs with soil-related ecosystem services after shrub removal: A meta-analysis,Daryantoetal2019,2019,http://dx.doi.org/10.1002/ldr.3310,20.63492063,Percentage change,Diversity,16,N,N,plants,vegetation removal,8.908325235,,95% confidence interval
ES063,FEB23_226,Vegetation responses and trade-offs with soil-related ecosystem services after shrub removal: A meta-analysis,Daryantoetal2019,2019,http://dx.doi.org/10.1002/ldr.3310,25.3968254,Percentage change,Diversity,5,N,N,plants,vegetation removal,12.14771623,,95% confidence interval
ES064,FEB23_226,Vegetation responses and trade-offs with soil-related ecosystem services after shrub removal: A meta-analysis,Daryantoetal2019,2019,http://dx.doi.org/10.1002/ldr.3310,65.12605042,Percentage change,Diversity,2,N,N,plants,vegetation removal,28.2970331,,95% confidence interval
ES065,FEB23_226,Vegetation responses and trade-offs with soil-related ecosystem services after shrub removal: A meta-analysis,Daryantoetal2019,2019,http://dx.doi.org/10.1002/ldr.3310,62.60504202,Percentage change,Diversity,2,N,N,plants,vegetation removal,27.43954725,,95% confidence interval
ES066,FEB23_242,Cumulative nitrogen input drives species loss in terrestrial ecosystems,DeSchrijveretal2011,2011,http://dx.doi.org/10.1111/j.1466-8238.2011.00652.x,-0.324285714,LRR,SR,37,N,N,all,nutrient addition(nitrogen),0.051020408,,95% confidence interval
ES067,FEB23_242,Cumulative nitrogen input drives species loss in terrestrial ecosystems,DeSchrijveretal2011,2011,http://dx.doi.org/10.1111/j.1466-8238.2011.00652.x,-0.078571429,LRR,SR,5,N,N,all,nutrient addition(nitrogen),0.094752187,,95% confidence interval
ES068,FEB23_242,Cumulative nitrogen input drives species loss in terrestrial ecosystems,DeSchrijveretal2011,2011,http://dx.doi.org/10.1111/j.1466-8238.2011.00652.x,-0.178571429,LRR,SR,9,N,N,all,nutrient addition(nitrogen),0.083819242,,95% confidence interval
ES069,FEB23_242,Cumulative nitrogen input drives species loss in terrestrial ecosystems,DeSchrijveretal2011,2011,http://dx.doi.org/10.1111/j.1466-8238.2011.00652.x,-0.451428571,LRR,SR,22,N,N,plants,nutrient addition(nitrogen),0.066326531,,95% confidence interval
ES070,FEB23_303,A systematic review of elephant impact across Africa,Guldemondetal2017,2017,http://dx.doi.org/10.1371/journal.pone.0178935,0.673913043,CohensD,Diversity,34,N,N,plants,grazing,0.155279503,,95% confidence interval
ES071,FEB23_303,A systematic review of elephant impact across Africa,Guldemondetal2017,2017,http://dx.doi.org/10.1371/journal.pone.0178935,-0.869565217,CohensD,Diversity,15,N,N,trees,grazing,0.443655723,,95% confidence interval
ES072,FEB23_303,A systematic review of elephant impact across Africa,Guldemondetal2017,2017,http://dx.doi.org/10.1371/journal.pone.0178935,0.159090909,CohensD,Diversity,29,N,N,invertebrates,grazing,0.208719852,,95% confidence interval
ES073,FEB23_303,A systematic review of elephant impact across Africa,Guldemondetal2017,2017,http://dx.doi.org/10.1371/journal.pone.0178935,-0.181818182,CohensD,Diversity,18,N,N,vertebrates,grazing,0.324675325,,95% confidence interval
ES074,FEB23_307,Edaphoclimatic drivers of the effect of extensive vegetation management on ecosystem services and biodiversity in vineyards,Chapela-Olivaetal2022,2022,http://dx.doi.org/10.1016/j.agee.2022.108115,0.088409835,LRR,SR/Ab,11,N,N,all,diversification,0.032626008,,95% confidence interval
ES075,FEB23_307,Edaphoclimatic drivers of the effect of extensive vegetation management on ecosystem services and biodiversity in vineyards,Chapela-Olivaetal2022,2022,http://dx.doi.org/10.1016/j.agee.2022.108115,0.540957661,LRR,SR/Ab,2,N,N,all,diversification,0.547113054,,95% confidence interval
ES076,FEB23_307,Edaphoclimatic drivers of the effect of extensive vegetation management on ecosystem services and biodiversity in vineyards,Chapela-Olivaetal2022,2022,http://dx.doi.org/10.1016/j.agee.2022.108115,0.078571839,LRR,SR/Ab,9,N,N,all,diversification,0.067761709,,95% confidence interval
ES077,FEB23_311,Effects of Different Grazing Disturbances on the Plant Diversity and Ecological Functions of Alpine Grassland Ecosystem on the Qinghai-Tibetan Plateau,Lietal2021,2021,http://dx.doi.org/10.3389/fpls.2021.765070,9.964664311,Percentage change,SR,38,N,N,all,grazing,3.677796207,,95% confidence interval
ES078,FEB23_311,Effects of Different Grazing Disturbances on the Plant Diversity and Ecological Functions of Alpine Grassland Ecosystem on the Qinghai-Tibetan Plateau,Lietal2021,2021,http://dx.doi.org/10.3389/fpls.2021.765070,1.272084806,Percentage change,SR,5,N,N,all,grazing,3.028773347,,95% confidence interval
ES079,FEB23_311,Effects of Different Grazing Disturbances on the Plant Diversity and Ecological Functions of Alpine Grassland Ecosystem on the Qinghai-Tibetan Plateau,Lietal2021,2021,http://dx.doi.org/10.3389/fpls.2021.765070,19.08127208,Percentage change,SR,10,N,N,all,grazing,8.545467657,,95% confidence interval
ES080,FEB23_311,Effects of Different Grazing Disturbances on the Plant Diversity and Ecological Functions of Alpine Grassland Ecosystem on the Qinghai-Tibetan Plateau,Lietal2021,2021,http://dx.doi.org/10.3389/fpls.2021.765070,2.120141343,Percentage change,SR,10,N,N,all,grazing,7.031080984,,95% confidence interval
ES081,FEB23_311,Effects of Different Grazing Disturbances on the Plant Diversity and Ecological Functions of Alpine Grassland Ecosystem on the Qinghai-Tibetan Plateau,Lietal2021,2021,http://dx.doi.org/10.3389/fpls.2021.765070,13.35689046,Percentage change,SR,13,N,N,all,grazing,5.084012404,,95% confidence interval
ES082,FEB23_311,Effects of Different Grazing Disturbances on the Plant Diversity and Ecological Functions of Alpine Grassland Ecosystem on the Qinghai-Tibetan Plateau,Lietal2021,2021,http://dx.doi.org/10.3389/fpls.2021.765070,1.060070671,Percentage change,SR,6,N,N,all,grazing,7.78827432,,95% confidence interval
ES083,FEB23_311,Effects of Different Grazing Disturbances on the Plant Diversity and Ecological Functions of Alpine Grassland Ecosystem on the Qinghai-Tibetan Plateau,Lietal2021,2021,http://dx.doi.org/10.3389/fpls.2021.765070,9.752650177,Percentage change,SR,13,N,N,all,grazing,6.382058124,,95% confidence interval
ES084,FEB23_311,Effects of Different Grazing Disturbances on the Plant Diversity and Ecological Functions of Alpine Grassland Ecosystem on the Qinghai-Tibetan Plateau,Lietal2021,2021,http://dx.doi.org/10.3389/fpls.2021.765070,14.204947,Percentage change,SR,19,N,N,all,grazing,6.922910507,,95% confidence interval
ES085,FEB23_311,Effects of Different Grazing Disturbances on the Plant Diversity and Ecological Functions of Alpine Grassland Ecosystem on the Qinghai-Tibetan Plateau,Lietal2021,2021,http://dx.doi.org/10.3389/fpls.2021.765070,4.876325088,Percentage change,SR,30,N,N,all,grazing,3.56962573,,95% confidence interval
ES086,FEB23_311,Effects of Different Grazing Disturbances on the Plant Diversity and Ecological Functions of Alpine Grassland Ecosystem on the Qinghai-Tibetan Plateau,Lietal2021,2021,http://dx.doi.org/10.3389/fpls.2021.765070,34.98233216,Percentage change,SR,5,N,N,all,grazing,10.38436576,,95% confidence interval
ES087,FEB23_311,Effects of Different Grazing Disturbances on the Plant Diversity and Ecological Functions of Alpine Grassland Ecosystem on the Qinghai-Tibetan Plateau,Lietal2021,2021,http://dx.doi.org/10.3389/fpls.2021.765070,13.78091873,Percentage change,SR,3,N,N,all,grazing,7.78827432,,95% confidence interval
ES088,FEB23_311,Effects of Different Grazing Disturbances on the Plant Diversity and Ecological Functions of Alpine Grassland Ecosystem on the Qinghai-Tibetan Plateau,Lietal2021,2021,http://dx.doi.org/10.3389/fpls.2021.765070,-0.212014134,Percentage change,SR,10,N,N,all,grazing,3.2451143,,95% confidence interval
ES089,FEB23_311,Effects of Different Grazing Disturbances on the Plant Diversity and Ecological Functions of Alpine Grassland Ecosystem on the Qinghai-Tibetan Plateau,Lietal2021,2021,http://dx.doi.org/10.3389/fpls.2021.765070,2.756183746,Percentage change,SR,20,N,N,all,grazing,4.002307637,,95% confidence interval
ES090,FEB23_311,Effects of Different Grazing Disturbances on the Plant Diversity and Ecological Functions of Alpine Grassland Ecosystem on the Qinghai-Tibetan Plateau,Lietal2021,2021,http://dx.doi.org/10.3389/fpls.2021.765070,37.31448763,Percentage change,SR,8,N,N,all,grazing,8.220956227,,95% confidence interval
ES091,FEB23_311,Effects of Different Grazing Disturbances on the Plant Diversity and Ecological Functions of Alpine Grassland Ecosystem on the Qinghai-Tibetan Plateau,Lietal2021,2021,http://dx.doi.org/10.3389/fpls.2021.765070,11.02473498,Percentage change,SR,35,N,N,all,grazing,4.326819067,,95% confidence interval
ES092,FEB23_311,Effects of Different Grazing Disturbances on the Plant Diversity and Ecological Functions of Alpine Grassland Ecosystem on the Qinghai-Tibetan Plateau,Lietal2021,2021,http://dx.doi.org/10.3389/fpls.2021.765070,1.060070671,Percentage change,SR,2,N,N,all,grazing,5.733035264,,95% confidence interval
ES093,FEB23_311,Effects of Different Grazing Disturbances on the Plant Diversity and Ecological Functions of Alpine Grassland Ecosystem on the Qinghai-Tibetan Plateau,Lietal2021,2021,http://dx.doi.org/10.3389/fpls.2021.765070,36.13183292,Percentage change,ShW,2,N,N,all,grazing,26.03675649,,95% confidence interval
ES094,FEB23_311,Effects of Different Grazing Disturbances on the Plant Diversity and Ecological Functions of Alpine Grassland Ecosystem on the Qinghai-Tibetan Plateau,Lietal2021,2021,http://dx.doi.org/10.3389/fpls.2021.765070,18.96437154,Percentage change,ShW,5,N,N,all,grazing,7.919013495,,95% confidence interval
ES095,FEB23_311,Effects of Different Grazing Disturbances on the Plant Diversity and Ecological Functions of Alpine Grassland Ecosystem on the Qinghai-Tibetan Plateau,Lietal2021,2021,http://dx.doi.org/10.3389/fpls.2021.765070,5.089300019,Percentage change,ShW,28,N,N,all,grazing,3.119611377,,95% confidence interval
ES096,FEB23_311,Effects of Different Grazing Disturbances on the Plant Diversity and Ecological Functions of Alpine Grassland Ecosystem on the Qinghai-Tibetan Plateau,Lietal2021,2021,http://dx.doi.org/10.3389/fpls.2021.765070,7.676177761,Percentage change,ShW,10,N,N,all,grazing,9.478819184,,95% confidence interval
ES097,FEB23_311,Effects of Different Grazing Disturbances on the Plant Diversity and Ecological Functions of Alpine Grassland Ecosystem on the Qinghai-Tibetan Plateau,Lietal2021,2021,http://dx.doi.org/10.3389/fpls.2021.765070,4.383787908,Percentage change,ShW,12,N,N,all,grazing,4.079491801,,95% confidence interval
ES098,FEB23_311,Effects of Different Grazing Disturbances on the Plant Diversity and Ecological Functions of Alpine Grassland Ecosystem on the Qinghai-Tibetan Plateau,Lietal2021,2021,http://dx.doi.org/10.3389/fpls.2021.765070,10.73339691,Percentage change,ShW,13,N,N,all,grazing,4.319461906,,95% confidence interval
ES099,FEB23_311,Effects of Different Grazing Disturbances on the Plant Diversity and Ecological Functions of Alpine Grassland Ecosystem on the Qinghai-Tibetan Plateau,Lietal2021,2021,http://dx.doi.org/10.3389/fpls.2021.765070,16.3774938,Percentage change,ShW,4,N,N,all,grazing,14.99813162,,95% confidence interval
ES100,FEB23_311,Effects of Different Grazing Disturbances on the Plant Diversity and Ecological Functions of Alpine Grassland Ecosystem on the Qinghai-Tibetan Plateau,Lietal2021,2021,http://dx.doi.org/10.3389/fpls.2021.765070,26.96017547,Percentage change,ShW,4,N,N,all,grazing,17.63780278,,95% confidence interval
ES101,FEB23_311,Effects of Different Grazing Disturbances on the Plant Diversity and Ecological Functions of Alpine Grassland Ecosystem on the Qinghai-Tibetan Plateau,Lietal2021,2021,http://dx.doi.org/10.3389/fpls.2021.765070,4.854129315,Percentage change,ShW,27,N,N,all,grazing,2.879641271,,95% confidence interval
ES102,FEB23_311,Effects of Different Grazing Disturbances on the Plant Diversity and Ecological Functions of Alpine Grassland Ecosystem on the Qinghai-Tibetan Plateau,Lietal2021,2021,http://dx.doi.org/10.3389/fpls.2021.765070,8.381689872,Percentage change,ShW,17,N,N,all,grazing,5.039372224,,95% confidence interval
ES103,FEB23_311,Effects of Different Grazing Disturbances on the Plant Diversity and Ecological Functions of Alpine Grassland Ecosystem on the Qinghai-Tibetan Plateau,Lietal2021,2021,http://dx.doi.org/10.3389/fpls.2021.765070,10.0278848,Percentage change,ShW,16,N,N,all,grazing,4.559432012,,95% confidence interval
ES104,FEB23_311,Effects of Different Grazing Disturbances on the Plant Diversity and Ecological Functions of Alpine Grassland Ecosystem on the Qinghai-Tibetan Plateau,Lietal2021,2021,http://dx.doi.org/10.3389/fpls.2021.765070,-12.54850277,Percentage change,ShW,2,N,N,all,grazing,2.999626324,,95% confidence interval
ES105,FEB23_311,Effects of Different Grazing Disturbances on the Plant Diversity and Ecological Functions of Alpine Grassland Ecosystem on the Qinghai-Tibetan Plateau,Lietal2021,2021,http://dx.doi.org/10.3389/fpls.2021.765070,6.735494946,Percentage change,ShW,12,N,N,all,grazing,5.039372224,,95% confidence interval
ES106,FEB23_311,Effects of Different Grazing Disturbances on the Plant Diversity and Ecological Functions of Alpine Grassland Ecosystem on the Qinghai-Tibetan Plateau,Lietal2021,2021,http://dx.doi.org/10.3389/fpls.2021.765070,2.267251574,Percentage change,ShW,9,N,N,all,grazing,6.359207807,,95% confidence interval
ES107,FEB23_311,Effects of Different Grazing Disturbances on the Plant Diversity and Ecological Functions of Alpine Grassland Ecosystem on the Qinghai-Tibetan Plateau,Lietal2021,2021,http://dx.doi.org/10.3389/fpls.2021.765070,16.3774938,Percentage change,ShW,9,N,N,all,grazing,8.278968654,,95% confidence interval
ES108,FEB23_311,Effects of Different Grazing Disturbances on the Plant Diversity and Ecological Functions of Alpine Grassland Ecosystem on the Qinghai-Tibetan Plateau,Lietal2021,2021,http://dx.doi.org/10.3389/fpls.2021.765070,7.205836353,Percentage change,ShW,5,N,N,all,grazing,5.27934233,,95% confidence interval
ES109,FEB23_311,Effects of Different Grazing Disturbances on the Plant Diversity and Ecological Functions of Alpine Grassland Ecosystem on the Qinghai-Tibetan Plateau,Lietal2021,2021,http://dx.doi.org/10.3389/fpls.2021.765070,7.911348465,Percentage change,ShW,35,N,N,all,grazing,3.119611377,,95% confidence interval
ES110,FEB23_311,Effects of Different Grazing Disturbances on the Plant Diversity and Ecological Functions of Alpine Grassland Ecosystem on the Qinghai-Tibetan Plateau,Lietal2021,2021,http://dx.doi.org/10.3389/fpls.2021.765070,11.91919192,Percentage change,Pielou,4,N,N,all,grazing,4.535147392,,95% confidence interval
ES111,FEB23_311,Effects of Different Grazing Disturbances on the Plant Diversity and Ecological Functions of Alpine Grassland Ecosystem on the Qinghai-Tibetan Plateau,Lietal2021,2021,http://dx.doi.org/10.3389/fpls.2021.765070,2.727272727,Percentage change,Pielou,25,N,N,all,grazing,1.85528757,,95% confidence interval
ES112,FEB23_311,Effects of Different Grazing Disturbances on the Plant Diversity and Ecological Functions of Alpine Grassland Ecosystem on the Qinghai-Tibetan Plateau,Lietal2021,2021,http://dx.doi.org/10.3389/fpls.2021.765070,4.949494949,Percentage change,Pielou,6,N,N,all,grazing,3.813646671,,95% confidence interval
ES113,FEB23_311,Effects of Different Grazing Disturbances on the Plant Diversity and Ecological Functions of Alpine Grassland Ecosystem on the Qinghai-Tibetan Plateau,Lietal2021,2021,http://dx.doi.org/10.3389/fpls.2021.765070,1.212121212,Percentage change,Pielou,14,N,N,all,grazing,1.133786848,,95% confidence interval
ES114,FEB23_311,Effects of Different Grazing Disturbances on the Plant Diversity and Ecological Functions of Alpine Grassland Ecosystem on the Qinghai-Tibetan Plateau,Lietal2021,2021,http://dx.doi.org/10.3389/fpls.2021.765070,8.080808081,Percentage change,Pielou,10,N,N,all,grazing,3.401360544,,95% confidence interval
ES115,FEB23_311,Effects of Different Grazing Disturbances on the Plant Diversity and Ecological Functions of Alpine Grassland Ecosystem on the Qinghai-Tibetan Plateau,Lietal2021,2021,http://dx.doi.org/10.3389/fpls.2021.765070,5.757575758,Percentage change,Pielou,4,N,N,all,grazing,3.298289013,,95% confidence interval
ES116,FEB23_311,Effects of Different Grazing Disturbances on the Plant Diversity and Ecological Functions of Alpine Grassland Ecosystem on the Qinghai-Tibetan Plateau,Lietal2021,2021,http://dx.doi.org/10.3389/fpls.2021.765070,6.363636364,Percentage change,Pielou,4,N,N,all,grazing,6.338899196,,95% confidence interval
ES117,FEB23_311,Effects of Different Grazing Disturbances on the Plant Diversity and Ecological Functions of Alpine Grassland Ecosystem on the Qinghai-Tibetan Plateau,Lietal2021,2021,http://dx.doi.org/10.3389/fpls.2021.765070,3.333333333,Percentage change,Pielou,22,N,N,all,grazing,2.21603793,,95% confidence interval
ES118,FEB23_311,Effects of Different Grazing Disturbances on the Plant Diversity and Ecological Functions of Alpine Grassland Ecosystem on the Qinghai-Tibetan Plateau,Lietal2021,2021,http://dx.doi.org/10.3389/fpls.2021.765070,4.444444444,Percentage change,Pielou,14,N,N,all,grazing,2.112966399,,95% confidence interval
ES119,FEB23_311,Effects of Different Grazing Disturbances on the Plant Diversity and Ecological Functions of Alpine Grassland Ecosystem on the Qinghai-Tibetan Plateau,Lietal2021,2021,http://dx.doi.org/10.3389/fpls.2021.765070,1.01010101,Percentage change,Pielou,14,N,N,all,grazing,2.937538652,,95% confidence interval
ES120,FEB23_311,Effects of Different Grazing Disturbances on the Plant Diversity and Ecological Functions of Alpine Grassland Ecosystem on the Qinghai-Tibetan Plateau,Lietal2021,2021,http://dx.doi.org/10.3389/fpls.2021.765070,-9.292929293,Percentage change,Pielou,2,N,N,all,grazing,7.421150278,,95% confidence interval
ES121,FEB23_311,Effects of Different Grazing Disturbances on the Plant Diversity and Ecological Functions of Alpine Grassland Ecosystem on the Qinghai-Tibetan Plateau,Lietal2021,2021,http://dx.doi.org/10.3389/fpls.2021.765070,4.141414141,Percentage change,Pielou,8,N,N,all,grazing,1.288394146,,95% confidence interval
ES122,FEB23_311,Effects of Different Grazing Disturbances on the Plant Diversity and Ecological Functions of Alpine Grassland Ecosystem on the Qinghai-Tibetan Plateau,Lietal2021,2021,http://dx.doi.org/10.3389/fpls.2021.765070,1.212121212,Percentage change,Pielou,9,N,N,all,grazing,4.483611626,,95% confidence interval
ES123,FEB23_311,Effects of Different Grazing Disturbances on the Plant Diversity and Ecological Functions of Alpine Grassland Ecosystem on the Qinghai-Tibetan Plateau,Lietal2021,2021,http://dx.doi.org/10.3389/fpls.2021.765070,10.2020202,Percentage change,Pielou,9,N,N,all,grazing,6.751185323,,95% confidence interval
ES124,FEB23_311,Effects of Different Grazing Disturbances on the Plant Diversity and Ecological Functions of Alpine Grassland Ecosystem on the Qinghai-Tibetan Plateau,Lietal2021,2021,http://dx.doi.org/10.3389/fpls.2021.765070,6.161616162,Percentage change,Pielou,4,N,N,all,grazing,3.040610183,,95% confidence interval
ES125,FEB23_311,Effects of Different Grazing Disturbances on the Plant Diversity and Ecological Functions of Alpine Grassland Ecosystem on the Qinghai-Tibetan Plateau,Lietal2021,2021,http://dx.doi.org/10.3389/fpls.2021.765070,3.737373737,Percentage change,Pielou,30,N,N,all,grazing,1.494537209,,95% confidence interval
ES126,FEB23_385,Landscape context affects the sustainability of organic farming systems,Smithetal2020,2020,http://dx.doi.org/10.1073/pnas.1906909117,0.32,LRR,Ab,102,0.19,0.45,all,organic,,,90% confidence interval
ES127,FEB23_385,Landscape context affects the sustainability of organic farming systems,Smithetal2020,2020,http://dx.doi.org/10.1073/pnas.1906909117,0.32,LRR,SR,94,0.22,0.43,all,organic,,,90% confidence interval
ES128,FEB23_570,"Impacts of nitrogen addition on plant biodiversity in mountain grasslands depend on dose, application duration and climate: a systematic review",Humbertetal2015,2015,http://dx.doi.org/10.1111/gcb.12986,-0.136,LRR,SR,84,N,N,all,nutrient addition(nitrogen),0.022,,95% confidence interval
ES129,FEB23_570,"Impacts of nitrogen addition on plant biodiversity in mountain grasslands depend on dose, application duration and climate: a systematic review",Humbertetal2015,2015,http://dx.doi.org/10.1111/gcb.12986,-0.034,LRR,Sh,40,N,N,all,nutrient addition(nitrogen),0.023,,95% confidence interval
ES130,FEB23_577,How does grazing exclusion influence plant productivity and community structure in alpine grasslands of the Qinghai-Tibetan Plateau?,Liuetal2020,2020,http://dx.doi.org/10.1016/j.gecco.2020.e01066,8.352941176,Percentage change,SR,153,N,N,all,grazing exclusion,3.661464586,,95% confidence interval
ES131,FEB23_577,How does grazing exclusion influence plant productivity and community structure in alpine grasslands of the Qinghai-Tibetan Plateau?,Liuetal2020,2020,http://dx.doi.org/10.1016/j.gecco.2020.e01066,8.252427184,Percentage change,SR,131,N,N,all,grazing exclusion,4.160887656,,95% confidence interval
ES132,FEB23_577,How does grazing exclusion influence plant productivity and community structure in alpine grasslands of the Qinghai-Tibetan Plateau?,Liuetal2020,2020,http://dx.doi.org/10.1016/j.gecco.2020.e01066,3.59223301,Percentage change,SR,16,N,N,all,grazing exclusion,7.331087775,,95% confidence interval
ES133,FEB23_577,How does grazing exclusion influence plant productivity and community structure in alpine grasslands of the Qinghai-Tibetan Plateau?,Liuetal2020,2020,http://dx.doi.org/10.1016/j.gecco.2020.e01066,19.32038835,Percentage change,SR,6,N,N,all,grazing exclusion,1.783237567,,95% confidence interval
ES134,FEB23_577,How does grazing exclusion influence plant productivity and community structure in alpine grasslands of the Qinghai-Tibetan Plateau?,Liuetal2020,2020,http://dx.doi.org/10.1016/j.gecco.2020.e01066,-6.823529412,Percentage change,Sh,161,N,N,all,grazing exclusion,1.980792317,,95% confidence interval
ES135,FEB23_577,How does grazing exclusion influence plant productivity and community structure in alpine grasslands of the Qinghai-Tibetan Plateau?,Liuetal2020,2020,http://dx.doi.org/10.1016/j.gecco.2020.e01066,-5.533980583,Percentage change,Sh,118,N,N,all,grazing exclusion,2.278581335,,95% confidence interval
ES136,FEB23_577,How does grazing exclusion influence plant productivity and community structure in alpine grasslands of the Qinghai-Tibetan Plateau?,Liuetal2020,2020,http://dx.doi.org/10.1016/j.gecco.2020.e01066,-11.3592233,Percentage change,Sh,36,N,N,all,grazing exclusion,3.962750149,,95% confidence interval
ES137,FEB23_577,How does grazing exclusion influence plant productivity and community structure in alpine grasslands of the Qinghai-Tibetan Plateau?,Liuetal2020,2020,http://dx.doi.org/10.1016/j.gecco.2020.e01066,9.417475728,Percentage change,Sh,7,N,N,all,grazing exclusion,15.55379433,,95% confidence interval
ES138,FEB23_577,How does grazing exclusion influence plant productivity and community structure in alpine grasslands of the Qinghai-Tibetan Plateau?,Liuetal2020,2020,http://dx.doi.org/10.1016/j.gecco.2020.e01066,-6.117647059,Percentage change,Pielou,145,N,N,all,grazing exclusion,1.920768307,,95% confidence interval
ES139,FEB23_577,How does grazing exclusion influence plant productivity and community structure in alpine grasslands of the Qinghai-Tibetan Plateau?,Liuetal2020,2020,http://dx.doi.org/10.1016/j.gecco.2020.e01066,-6.893203883,Percentage change,Pielou,105,N,N,all,grazing exclusion,1.783237567,,95% confidence interval
ES140,FEB23_577,How does grazing exclusion influence plant productivity and community structure in alpine grasslands of the Qinghai-Tibetan Plateau?,Liuetal2020,2020,http://dx.doi.org/10.1016/j.gecco.2020.e01066,-5.922330097,Percentage change,Pielou,34,N,N,all,grazing exclusion,3.071131365,,95% confidence interval
ES141,FEB23_577,How does grazing exclusion influence plant productivity and community structure in alpine grasslands of the Qinghai-Tibetan Plateau?,Liuetal2020,2020,http://dx.doi.org/10.1016/j.gecco.2020.e01066,6.893203883,Percentage change,Pielou,6,N,N,all,grazing exclusion,4.854368932,,95% confidence interval
ES142,FEB23_597,Effects of nutrient addition on degraded alpine grasslands of the Qinghai-Tibetan Plateau: A meta-analysis,Wangetal2020,2020,http://dx.doi.org/10.1016/j.agee.2020.106970,-0.216312057,LRR,SR,133,N,N,all,intensification,0.036184687,,95% confidence interval
ES143,FEB23_597,Effects of nutrient addition on degraded alpine grasslands of the Qinghai-Tibetan Plateau: A meta-analysis,Wangetal2020,2020,http://dx.doi.org/10.1016/j.agee.2020.106970,-0.060283688,LRR,Sh,144,N,N,all,intensification,0.021710812,,95% confidence interval
ES144,FEB23_597,Effects of nutrient addition on degraded alpine grasslands of the Qinghai-Tibetan Plateau: A meta-analysis,Wangetal2020,2020,http://dx.doi.org/10.1016/j.agee.2020.106970,0.046099291,LRR,Evenness,124,N,N,all,intensification,0.025329281,,95% confidence interval
ES145,FEB23_597,Effects of nutrient addition on degraded alpine grasslands of the Qinghai-Tibetan Plateau: A meta-analysis,Wangetal2020,2020,http://dx.doi.org/10.1016/j.agee.2020.106970,0.039007092,LRR,Simpson,35,N,N,all,intensification,0.028947749,,95% confidence interval
ES146,FEB23_597,Effects of nutrient addition on degraded alpine grasslands of the Qinghai-Tibetan Plateau: A meta-analysis,Wangetal2020,2020,http://dx.doi.org/10.1016/j.agee.2020.106970,-0.059770115,LRR,SR,29,N,N,all,intensification,0.049847525,,95% confidence interval
ES147,FEB23_597,Effects of nutrient addition on degraded alpine grasslands of the Qinghai-Tibetan Plateau: A meta-analysis,Wangetal2020,2020,http://dx.doi.org/10.1016/j.agee.2020.106970,-0.021538462,LRR,Sh,8,N,N,all,intensification,0.021978022,,95% confidence interval
ES148,FEB23_597,Effects of nutrient addition on degraded alpine grasslands of the Qinghai-Tibetan Plateau: A meta-analysis,Wangetal2020,2020,http://dx.doi.org/10.1016/j.agee.2020.106970,-0.005384615,LRR,Pielou,7,N,N,all,intensification,0.007064364,,95% confidence interval
ES149,FEB23_597,Effects of nutrient addition on degraded alpine grasslands of the Qinghai-Tibetan Plateau: A meta-analysis,Wangetal2020,2020,http://dx.doi.org/10.1016/j.agee.2020.106970,-0.012359551,LRR,Simpson,9,N,N,all,intensification,0.00573263,,95% confidence interval
ES150,FEB23_597,Effects of nutrient addition on degraded alpine grasslands of the Qinghai-Tibetan Plateau: A meta-analysis,Wangetal2020,2020,http://dx.doi.org/10.1016/j.agee.2020.106970,-0.183908046,LRR,SR,71,N,N,all,intensification,0.031081398,,95% confidence interval
ES151,FEB23_597,Effects of nutrient addition on degraded alpine grasslands of the Qinghai-Tibetan Plateau: A meta-analysis,Wangetal2020,2020,http://dx.doi.org/10.1016/j.agee.2020.106970,0.001025641,LRR,Sh,24,N,N,all,intensification,0.048142334,,95% confidence interval
ES152,FEB23_597,Effects of nutrient addition on degraded alpine grasslands of the Qinghai-Tibetan Plateau: A meta-analysis,Wangetal2020,2020,http://dx.doi.org/10.1016/j.agee.2020.106970,0.001538462,LRR,Pielou,23,N,N,all,intensification,0.010007849,,95% confidence interval
ES153,FEB23_597,Effects of nutrient addition on degraded alpine grasslands of the Qinghai-Tibetan Plateau: A meta-analysis,Wangetal2020,2020,http://dx.doi.org/10.1016/j.agee.2020.106970,-0.026966292,LRR,Simpson,12,N,N,all,intensification,0.014904838,,95% confidence interval
ES154,FEB23_597,Effects of nutrient addition on degraded alpine grasslands of the Qinghai-Tibetan Plateau: A meta-analysis,Wangetal2020,2020,http://dx.doi.org/10.1016/j.agee.2020.106970,-0.47816092,LRR,SR,153,N,N,all,intensification,0.022284776,,95% confidence interval
ES155,FEB23_597,Effects of nutrient addition on degraded alpine grasslands of the Qinghai-Tibetan Plateau: A meta-analysis,Wangetal2020,2020,http://dx.doi.org/10.1016/j.agee.2020.106970,-0.259487179,LRR,Sh,53,N,N,all,intensification,0.033490319,,95% confidence interval
ES156,FEB23_597,Effects of nutrient addition on degraded alpine grasslands of the Qinghai-Tibetan Plateau: A meta-analysis,Wangetal2020,2020,http://dx.doi.org/10.1016/j.agee.2020.106970,-0.067692308,LRR,Pielou,33,N,N,all,intensification,0.012362637,,95% confidence interval
ES157,FEB23_597,Effects of nutrient addition on degraded alpine grasslands of the Qinghai-Tibetan Plateau: A meta-analysis,Wangetal2020,2020,http://dx.doi.org/10.1016/j.agee.2020.106970,-0.059550562,LRR,Simpson,11,N,N,all,intensification,0.025796836,,95% confidence interval
ES158,FEB23_80,"Ecological, biophysical and production effects of incorporating rest into grazing regimes: A global meta-analysis",McDonaldetal2019,2019,http://dx.doi.org/10.1111/1365-2664.13496,-0.093413174,LRR,diversity,18,N,N,plants,grazing exclusion,0.087987291,,95% confidence interval
ES159,FEB23_80,"Ecological, biophysical and production effects of incorporating rest into grazing regimes: A global meta-analysis",McDonaldetal2019,2019,http://dx.doi.org/10.1111/1365-2664.13496,-0.040718563,LRR,SR,28,N,N,all,grazing exclusion,0.05988024,,95% confidence interval
ES160,FEB23_80,"Ecological, biophysical and production effects of incorporating rest into grazing regimes: A global meta-analysis",McDonaldetal2019,2019,http://dx.doi.org/10.1111/1365-2664.13496,0.049604222,LRR,diversity,18,N,N,plants,grazing exclusion,0.073232459,,95% confidence interval
ES161,FEB23_80,"Ecological, biophysical and production effects of incorporating rest into grazing regimes: A global meta-analysis",McDonaldetal2019,2019,http://dx.doi.org/10.1111/1365-2664.13496,0.072823219,LRR,SR,28,N,N,all,grazing exclusion,0.095848366,,95% confidence interval
ES162,FEB23_81,Do European agroforestry systems enhance biodiversity and ecosystem services? A meta-analysis,Torralbaetal2016,2016,http://dx.doi.org/10.1016/j.agee.2016.06.002,0.297,LRR,Biodiversity,65,0.187,0.407,all,diversification,0.152,,95% confidence interval
ES163,FEB23_81,Do European agroforestry systems enhance biodiversity and ecosystem services? A meta-analysis,Torralbaetal2016,2016,http://dx.doi.org/10.1016/j.agee.2016.06.002,0.422,LRR,Biodiversity,9,-0.675,1.52,fungi,diversification,1.115,,95% confidence interval
ES164,FEB23_81,Do European agroforestry systems enhance biodiversity and ecosystem services? A meta-analysis,Torralbaetal2016,2016,http://dx.doi.org/10.1016/j.agee.2016.06.002,0.539,LRR,Biodiversity,25,-0.432,0.823,invertebrates,diversification,2.04,,95% confidence interval
ES165,FEB23_81,Do European agroforestry systems enhance biodiversity and ecosystem services? A meta-analysis,Torralbaetal2016,2016,http://dx.doi.org/10.1016/j.agee.2016.06.002,0.575,LRR,Biodiversity,6,-0.904,2.054,plants,diversification,10.72,,95% confidence interval
ES166,FEB23_81,Do European agroforestry systems enhance biodiversity and ecosystem services? A meta-analysis,Torralbaetal2016,2016,http://dx.doi.org/10.1016/j.agee.2016.06.002,2.068,LRR,Biodiversity,16,1.309,2.828,birds,diversification,2.04,,95% confidence interval
ES167,FEB23_95,Revegetation of degraded ecosystems into grasslands using biosolids as an organic amendment: A meta-analysis,Plougheetal2020,2020,http://dx.doi.org/10.1111/avsc.12558,0.27,LRR,SR,159,-0.1,0.65,all,organic,,,95% confidence interval
ES168,FEB23_95,Revegetation of degraded ecosystems into grasslands using biosolids as an organic amendment: A meta-analysis,Plougheetal2020,2020,http://dx.doi.org/10.1111/avsc.12558,0.13,LRR,Sh,24,-0.13,0.38,all,organic,,,95% confidence interval
ES169,FEB23_95,Revegetation of degraded ecosystems into grasslands using biosolids as an organic amendment: A meta-analysis,Plougheetal2020,2020,http://dx.doi.org/10.1111/avsc.12558,-0.22,LRR,Ab,42,-0.64,0.19,all,organic,,,95% confidence interval
ES170,JB005,Effects of agricultural management practices on soil quality: A review of long-term experiments for Europe and China,Baietal2018,2018,10.1016/j.agee.2018.05.028,2.45,LRR,Ab,6,N,N,invertebrates,organic,,1.67,95% confidence interval
ES171,JB005,Effects of agricultural management practices on soil quality: A review of long-term experiments for Europe and China,Baietal2018,2018,10.1016/j.agee.2018.05.028,1.53,LRR,Ab,3,N,N,invertebrates,intensification,,0.62,95% confidence interval
ES172,JB005,Effects of agricultural management practices on soil quality: A review of long-term experiments for Europe and China,Baietal2018,2018,10.1016/j.agee.2018.05.028,1.73,LRR,Ab,2,N,N,invertebrates,diversification,,1.55,95% confidence interval
ES173,JB005,Effects of agricultural management practices on soil quality: A review of long-term experiments for Europe and China,Baietal2018,2018,10.1016/j.agee.2018.05.028,1.75,LRR,Ab,3,N,N,invertebrates,organic,,0.37,95% confidence interval
ES174,JB081,Biodiversity and yield under different land-use types in orchard/vineyard landscapes: A meta-analysis,Katayamaetal2019,2019,10.1016/j.biocon.2018.11.020,0.107749077,LRR,SR,20,N,N,all,organic,0.03953611,,95% confidence interval
ES175,JB081,Biodiversity and yield under different land-use types in orchard/vineyard landscapes: A meta-analysis,Katayamaetal2019,2019,10.1016/j.biocon.2018.11.020,0.149815498,LRR,SR,36,N,N,all,organic,0.045184125,,95% confidence interval
ES176,JB081,Biodiversity and yield under different land-use types in orchard/vineyard landscapes: A meta-analysis,Katayamaetal2019,2019,10.1016/j.biocon.2018.11.020,0.001476015,LRR,SR,11,N,N,all,organic,0.065516982,,95% confidence interval
ES177,JB081,Biodiversity and yield under different land-use types in orchard/vineyard landscapes: A meta-analysis,Katayamaetal2019,2019,10.1016/j.biocon.2018.11.020,0.218450185,LRR,SR,15,N,N,all,intensification,0.109571504,,95% confidence interval
ES178,JB081,Biodiversity and yield under different land-use types in orchard/vineyard landscapes: A meta-analysis,Katayamaetal2019,2019,10.1016/j.biocon.2018.11.020,0.096678967,LRR,SR,10,N,N,all,intensification,0.090368251,,95% confidence interval
ES179,JB081,Biodiversity and yield under different land-use types in orchard/vineyard landscapes: A meta-analysis,Katayamaetal2019,2019,10.1016/j.biocon.2018.11.020,-0.029508197,LRR,Ab,52,N,N,all,organic,0.184008029,,95% confidence interval
ES180,JB081,Biodiversity and yield under different land-use types in orchard/vineyard landscapes: A meta-analysis,Katayamaetal2019,2019,10.1016/j.biocon.2018.11.020,0.547540984,LRR,Ab,64,N,N,all,organic,0.113750418,,95% confidence interval
ES181,JB081,Biodiversity and yield under different land-use types in orchard/vineyard landscapes: A meta-analysis,Katayamaetal2019,2019,10.1016/j.biocon.2018.11.020,0.049180328,LRR,Ab,21,N,N,all,organic,0.140515222,,95% confidence interval
ES182,JB081,Biodiversity and yield under different land-use types in orchard/vineyard landscapes: A meta-analysis,Katayamaetal2019,2019,10.1016/j.biocon.2018.11.020,-0.049180328,LRR,Ab,15,N,N,all,intensification,0.384744062,,95% confidence interval
ES183,JB081,Biodiversity and yield under different land-use types in orchard/vineyard landscapes: A meta-analysis,Katayamaetal2019,2019,10.1016/j.biocon.2018.11.020,0.593442623,LRR,Ab,25,N,N,all,intensification,0.264302442,,95% confidence interval
ES184,JB152,Can agroforestry systems enhance biodiversity and ecosystem service provision in agricultural landscapes? A meta-analysis for the Brazilian Atlantic Forest,Santosetal2019,2019,10.1016/j.foreco.2018.10.064,-0.533574151,LRR,Biodiversity,89,N,N,all,intensification,0.129374567,,95% confidence interval
ES185,JB152,Can agroforestry systems enhance biodiversity and ecosystem service provision in agricultural landscapes? A meta-analysis for the Brazilian Atlantic Forest,Santosetal2019,2019,10.1016/j.foreco.2018.10.064,-0.250740679,LRR,Biodiversity,108,N,N,all,diversification,0.101440576,,95% confidence interval
ES186,JB152,Can agroforestry systems enhance biodiversity and ecosystem service provision in agricultural landscapes? A meta-analysis for the Brazilian Atlantic Forest,Santosetal2019,2019,10.1016/j.foreco.2018.10.064,-0.09514158,LRR,Biodiversity,267,N,N,all,diversification,0.082240944,,95% confidence interval
ES187,JB158,"Organic amendments enhance soil microbial diversity, microbial functionality and crop yields: A meta-analysis",Shuetal2022,2022,10.1016/j.scitotenv.2022.154627,0.031578947,LRR,Sh,167,N,N,all,organic,0.016111708,,95% confidence interval
ES188,JB158,"Organic amendments enhance soil microbial diversity, microbial functionality and crop yields: A meta-analysis",Shuetal2022,2022,10.1016/j.scitotenv.2022.154627,0.057416268,LRR,Sh,148,N,N,all,organic,0.019041109,,95% confidence interval
ES189,JB158,"Organic amendments enhance soil microbial diversity, microbial functionality and crop yields: A meta-analysis",Shuetal2022,2022,10.1016/j.scitotenv.2022.154627,0.022966507,LRR,Sh,246,N,N,all,organic,0.013182306,,95% confidence interval
ES190,JB158,"Organic amendments enhance soil microbial diversity, microbial functionality and crop yields: A meta-analysis",Shuetal2022,2022,10.1016/j.scitotenv.2022.154627,0.01722488,LRR,Sh,10,N,N,all,organic,0.089346743,,95% confidence interval
ES191,JB158,"Organic amendments enhance soil microbial diversity, microbial functionality and crop yields: A meta-analysis",Shuetal2022,2022,10.1016/j.scitotenv.2022.154627,-0.040191388,LRR,Sh,44,N,N,all,organic,0.042476321,,95% confidence interval
ES192,JB158,"Organic amendments enhance soil microbial diversity, microbial functionality and crop yields: A meta-analysis",Shuetal2022,2022,10.1016/j.scitotenv.2022.154627,0.031578947,LRR,Sh,38,N,N,all,organic,0.049799824,,95% confidence interval
ES193,JB158,"Organic amendments enhance soil microbial diversity, microbial functionality and crop yields: A meta-analysis",Shuetal2022,2022,10.1016/j.scitotenv.2022.154627,0.020095694,LRR,Sh,101,N,N,all,organic,0.026364613,,95% confidence interval
ES194,JB158,"Organic amendments enhance soil microbial diversity, microbial functionality and crop yields: A meta-analysis",Shuetal2022,2022,10.1016/j.scitotenv.2022.154627,0.014354067,LRR,Sh,95,N,N,all,organic,0.021970511,,95% confidence interval
ES195,JB158,"Organic amendments enhance soil microbial diversity, microbial functionality and crop yields: A meta-analysis",Shuetal2022,2022,10.1016/j.scitotenv.2022.154627,0.025837321,LRR,Sh,225,N,N,all,organic,0.016111708,,95% confidence interval
ES196,JB158,"Organic amendments enhance soil microbial diversity, microbial functionality and crop yields: A meta-analysis",Shuetal2022,2022,10.1016/j.scitotenv.2022.154627,0.054545455,LRR,Sh,197,N,N,all,organic,0.019041109,,95% confidence interval
ES197,JB158,"Organic amendments enhance soil microbial diversity, microbial functionality and crop yields: A meta-analysis",Shuetal2022,2022,10.1016/j.scitotenv.2022.154627,0.068899522,LRR,Sh,113,N,N,all,organic,0.024899912,,95% confidence interval
ES198,JB158,"Organic amendments enhance soil microbial diversity, microbial functionality and crop yields: A meta-analysis",Shuetal2022,2022,10.1016/j.scitotenv.2022.154627,0.01722488,LRR,Sh,49,N,N,all,organic,0.029294014,,95% confidence interval
ES199,JB158,"Organic amendments enhance soil microbial diversity, microbial functionality and crop yields: A meta-analysis",Shuetal2022,2022,10.1016/j.scitotenv.2022.154627,0.025837321,LRR,Sh,404,N,N,all,organic,0.011717606,,95% confidence interval
ES200,JB158,"Organic amendments enhance soil microbial diversity, microbial functionality and crop yields: A meta-analysis",Shuetal2022,2022,10.1016/j.scitotenv.2022.154627,0.051674641,LRR,Sh,35,N,N,all,organic,0.04101162,,95% confidence interval
ES201,JB158,"Organic amendments enhance soil microbial diversity, microbial functionality and crop yields: A meta-analysis",Shuetal2022,2022,10.1016/j.scitotenv.2022.154627,0.037320574,LRR,Sh,149,N,N,all,organic,0.021970511,,95% confidence interval
ES202,JB158,"Organic amendments enhance soil microbial diversity, microbial functionality and crop yields: A meta-analysis",Shuetal2022,2022,10.1016/j.scitotenv.2022.154627,-0.01722488,LRR,Sh,11,N,N,all,organic,0.058588029,,95% confidence interval
ES203,JB158,"Organic amendments enhance soil microbial diversity, microbial functionality and crop yields: A meta-analysis",Shuetal2022,2022,10.1016/j.scitotenv.2022.154627,0.043062201,LRR,Sh,6,N,N,all,organic,0.086417342,,95% confidence interval
ES204,JB158,"Organic amendments enhance soil microbial diversity, microbial functionality and crop yields: A meta-analysis",Shuetal2022,2022,10.1016/j.scitotenv.2022.154627,0.060287081,LRR,Sh,258,N,N,all,organic,0.011717606,,95% confidence interval
ES205,JB158,"Organic amendments enhance soil microbial diversity, microbial functionality and crop yields: A meta-analysis",Shuetal2022,2022,10.1016/j.scitotenv.2022.154627,0.077511962,LRR,Sh,21,N,N,all,organic,0.046870423,,95% confidence interval
ES206,JB158,"Organic amendments enhance soil microbial diversity, microbial functionality and crop yields: A meta-analysis",Shuetal2022,2022,10.1016/j.scitotenv.2022.154627,-0.057416268,LRR,Sh,85,N,N,all,organic,0.021970511,,95% confidence interval
ES207,JB158,"Organic amendments enhance soil microbial diversity, microbial functionality and crop yields: A meta-analysis",Shuetal2022,2022,10.1016/j.scitotenv.2022.154627,0.068899522,LRR,Sh,150,N,N,all,organic,0.02050581,,95% confidence interval
ES208,JB158,"Organic amendments enhance soil microbial diversity, microbial functionality and crop yields: A meta-analysis",Shuetal2022,2022,10.1016/j.scitotenv.2022.154627,-0.051674641,LRR,Sh,137,N,N,fungi,organic,0.019041109,,95% confidence interval
ES209,JB158,"Organic amendments enhance soil microbial diversity, microbial functionality and crop yields: A meta-analysis",Shuetal2022,2022,10.1016/j.scitotenv.2022.154627,0.045933014,LRR,Sh,279,N,N,microbes,organic,0.017576409,,95% confidence interval
ES210,JB158,"Organic amendments enhance soil microbial diversity, microbial functionality and crop yields: A meta-analysis",Shuetal2022,2022,10.1016/j.scitotenv.2022.154627,0.031578947,LRR,Sh,566,N,N,all,organic,0.010252905,,95% confidence interval
ES211,JB158,"Organic amendments enhance soil microbial diversity, microbial functionality and crop yields: A meta-analysis",Shuetal2022,2022,10.1016/j.scitotenv.2022.154627,0.119288258,LRR,SR,163,N,N,all,organic,0.024481469,,95% confidence interval
ES212,JB158,"Organic amendments enhance soil microbial diversity, microbial functionality and crop yields: A meta-analysis",Shuetal2022,2022,10.1016/j.scitotenv.2022.154627,0.119288258,LRR,SR,126,N,N,all,organic,0.027361642,,95% confidence interval
ES213,JB158,"Organic amendments enhance soil microbial diversity, microbial functionality and crop yields: A meta-analysis",Shuetal2022,2022,10.1016/j.scitotenv.2022.154627,0.079772288,LRR,SR,190,N,N,all,organic,0.021601296,,95% confidence interval
ES214,JB158,"Organic amendments enhance soil microbial diversity, microbial functionality and crop yields: A meta-analysis",Shuetal2022,2022,10.1016/j.scitotenv.2022.154627,0.054369163,LRR,SR,13,N,N,all,organic,0.064803888,,95% confidence interval
ES215,JB158,"Organic amendments enhance soil microbial diversity, microbial functionality and crop yields: A meta-analysis",Shuetal2022,2022,10.1016/j.scitotenv.2022.154627,0.071304579,LRR,SR,25,N,N,all,organic,0.046082765,,95% confidence interval
ES216,JB158,"Organic amendments enhance soil microbial diversity, microbial functionality and crop yields: A meta-analysis",Shuetal2022,2022,10.1016/j.scitotenv.2022.154627,0.088239996,LRR,SR,28,N,N,all,organic,0.05184311,,95% confidence interval
ES217,JB158,"Organic amendments enhance soil microbial diversity, microbial functionality and crop yields: A meta-analysis",Shuetal2022,2022,10.1016/j.scitotenv.2022.154627,0.091062565,LRR,SR,94,N,N,all,organic,0.024481469,,95% confidence interval
ES218,JB158,"Organic amendments enhance soil microbial diversity, microbial functionality and crop yields: A meta-analysis",Shuetal2022,2022,10.1016/j.scitotenv.2022.154627,0.076949718,LRR,SR,85,N,N,all,organic,0.030241814,,95% confidence interval
ES219,JB158,"Organic amendments enhance soil microbial diversity, microbial functionality and crop yields: A meta-analysis",Shuetal2022,2022,10.1016/j.scitotenv.2022.154627,0.107997981,LRR,SR,212,N,N,all,organic,0.02016121,,95% confidence interval
ES220,JB158,"Organic amendments enhance soil microbial diversity, microbial functionality and crop yields: A meta-analysis",Shuetal2022,2022,10.1016/j.scitotenv.2022.154627,0.124933397,LRR,SR,148,N,N,all,organic,0.021601296,,95% confidence interval
ES221,JB158,"Organic amendments enhance soil microbial diversity, microbial functionality and crop yields: A meta-analysis",Shuetal2022,2022,10.1016/j.scitotenv.2022.154627,0.037433747,LRR,SR,100,N,N,all,organic,0.025921555,,95% confidence interval
ES222,JB158,"Organic amendments enhance soil microbial diversity, microbial functionality and crop yields: A meta-analysis",Shuetal2022,2022,10.1016/j.scitotenv.2022.154627,0.037433747,LRR,SR,42,N,N,all,organic,0.047522851,,95% confidence interval
ES223,JB158,"Organic amendments enhance soil microbial diversity, microbial functionality and crop yields: A meta-analysis",Shuetal2022,2022,10.1016/j.scitotenv.2022.154627,0.127755966,LRR,SR,342,N,N,all,organic,0.01584095,,95% confidence interval
ES224,JB158,"Organic amendments enhance soil microbial diversity, microbial functionality and crop yields: A meta-analysis",Shuetal2022,2022,10.1016/j.scitotenv.2022.154627,0.124933397,LRR,SR,31,N,N,all,organic,0.057603456,,95% confidence interval
ES225,JB158,"Organic amendments enhance soil microbial diversity, microbial functionality and crop yields: A meta-analysis",Shuetal2022,2022,10.1016/j.scitotenv.2022.154627,0.096707704,LRR,SR,118,N,N,all,organic,0.024481469,,95% confidence interval
ES226,JB158,"Organic amendments enhance soil microbial diversity, microbial functionality and crop yields: A meta-analysis",Shuetal2022,2022,10.1016/j.scitotenv.2022.154627,0.175739645,LRR,SR,11,N,N,all,organic,0.103686221,,95% confidence interval
ES227,JB158,"Organic amendments enhance soil microbial diversity, microbial functionality and crop yields: A meta-analysis",Shuetal2022,2022,10.1016/j.scitotenv.2022.154627,0.116465689,LRR,SR,230,N,N,all,organic,0.018721123,,95% confidence interval
ES228,JB158,"Organic amendments enhance soil microbial diversity, microbial functionality and crop yields: A meta-analysis",Shuetal2022,2022,10.1016/j.scitotenv.2022.154627,-0.109339858,LRR,SR,18,N,N,all,organic,0.060483629,,95% confidence interval
ES229,JB158,"Organic amendments enhance soil microbial diversity, microbial functionality and crop yields: A meta-analysis",Shuetal2022,2022,10.1016/j.scitotenv.2022.154627,0.11082055,LRR,SR,71,N,N,all,organic,0.034562074,,95% confidence interval
ES230,JB158,"Organic amendments enhance soil microbial diversity, microbial functionality and crop yields: A meta-analysis",Shuetal2022,2022,10.1016/j.scitotenv.2022.154627,0.065659441,LRR,SR,118,N,N,all,organic,0.024481469,,95% confidence interval
ES231,JB158,"Organic amendments enhance soil microbial diversity, microbial functionality and crop yields: A meta-analysis",Shuetal2022,2022,10.1016/j.scitotenv.2022.154627,0.048724025,LRR,SR,122,N,N,fungi,organic,0.025921555,,95% confidence interval
ES232,JB158,"Organic amendments enhance soil microbial diversity, microbial functionality and crop yields: A meta-analysis",Shuetal2022,2022,10.1016/j.scitotenv.2022.154627,0.147513952,LRR,SR,244,N,N,microbes,organic,0.02016121,,95% confidence interval
ES233,JB158,"Organic amendments enhance soil microbial diversity, microbial functionality and crop yields: A meta-analysis",Shuetal2022,2022,10.1016/j.scitotenv.2022.154627,0.105175412,LRR,SR,484,N,N,all,organic,0.011520691,,95% confidence interval
ES234,JB160,Organic Farming Provides Reliable Environmental Benefits but Increases Variability in Crop Yields: A Global Meta-Analysis,Smithetal2019,2019,https://doi.org/10.3389/fsufs.2019.00082,0.32,LRR,SR/Ab,235,0.087,0.39,all,organic,,,90% confidence interval
ES235,JB160,Organic Farming Provides Reliable Environmental Benefits but Increases Variability in Crop Yields: A Global Meta-Analysis,Smithetal2019,2019,https://doi.org/10.3389/fsufs.2019.00082,0.23,LRR,SR,240,0.082,0.27,all,organic,,,90% confidence interval
ES236,JB160,Organic Farming Provides Reliable Environmental Benefits but Increases Variability in Crop Yields: A Global Meta-Analysis,Smithetal2019,2019,https://doi.org/10.3389/fsufs.2019.00082,0.32,LRR,Ab,96,0.21,0.43,all,organic,,,90% confidence interval
ES237,JB160,Organic Farming Provides Reliable Environmental Benefits but Increases Variability in Crop Yields: A Global Meta-Analysis,Smithetal2019,2019,https://doi.org/10.3389/fsufs.2019.00082,0.52,LRR,Ab,27,0.19,0.86,all,organic,,,90% confidence interval
ES238,JB160,Organic Farming Provides Reliable Environmental Benefits but Increases Variability in Crop Yields: A Global Meta-Analysis,Smithetal2019,2019,https://doi.org/10.3389/fsufs.2019.00082,0.6,LRR,Ab,25,0.42,0.78,all,organic,,,90% confidence interval
ES239,JB160,Organic Farming Provides Reliable Environmental Benefits but Increases Variability in Crop Yields: A Global Meta-Analysis,Smithetal2019,2019,https://doi.org/10.3389/fsufs.2019.00082,0.31,LRR,Ab,114,0.19,0.42,all,organic,,,90% confidence interval
ES240,JB160,Organic Farming Provides Reliable Environmental Benefits but Increases Variability in Crop Yields: A Global Meta-Analysis,Smithetal2019,2019,https://doi.org/10.3389/fsufs.2019.00082,0.43,LRR,Ab,67,0.3,0.56,all,organic,,,90% confidence interval
ES241,JB160,Organic Farming Provides Reliable Environmental Benefits but Increases Variability in Crop Yields: A Global Meta-Analysis,Smithetal2019,2019,https://doi.org/10.3389/fsufs.2019.00082,0.25,LRR,SR,192,0.18,0.31,all,organic,,,90% confidence interval
ES242,JB160,Organic Farming Provides Reliable Environmental Benefits but Increases Variability in Crop Yields: A Global Meta-Analysis,Smithetal2019,2019,https://doi.org/10.3389/fsufs.2019.00082,0.19,LRR,SR,57,0.097,0.29,all,organic,,,90% confidence interval
ES243,JB160,Organic Farming Provides Reliable Environmental Benefits but Increases Variability in Crop Yields: A Global Meta-Analysis,Smithetal2019,2019,https://doi.org/10.3389/fsufs.2019.00082,0.4,LRR,Ab,96,0.27,0.52,all,organic,,,90% confidence interval
ES244,JB160,Organic Farming Provides Reliable Environmental Benefits but Increases Variability in Crop Yields: A Global Meta-Analysis,Smithetal2019,2019,https://doi.org/10.3389/fsufs.2019.00082,0.27,LRR,Ab,142,0.17,0.36,all,organic,,,90% confidence interval
ES245,JB160,Organic Farming Provides Reliable Environmental Benefits but Increases Variability in Crop Yields: A Global Meta-Analysis,Smithetal2019,2019,https://doi.org/10.3389/fsufs.2019.00082,0.18,LRR,SR,52,0.051,0.32,all,organic,,,90% confidence interval
ES246,JB160,Organic Farming Provides Reliable Environmental Benefits but Increases Variability in Crop Yields: A Global Meta-Analysis,Smithetal2019,2019,https://doi.org/10.3389/fsufs.2019.00082,0.24,LRR,SR,235,0.18,0.29,all,organic,,,90% confidence interval
ES247,JB160,Organic Farming Provides Reliable Environmental Benefits but Increases Variability in Crop Yields: A Global Meta-Analysis,Smithetal2019,2019,https://doi.org/10.3389/fsufs.2019.00082,0.3,LRR,Ab,157,0.21,0.39,all,organic,,,90% confidence interval
ES248,JB160,Organic Farming Provides Reliable Environmental Benefits but Increases Variability in Crop Yields: A Global Meta-Analysis,Smithetal2019,2019,https://doi.org/10.3389/fsufs.2019.00082,0.26,LRR,SR,172,0.2,0.33,all,organic,,,90% confidence interval
ES249,JB160,Organic Farming Provides Reliable Environmental Benefits but Increases Variability in Crop Yields: A Global Meta-Analysis,Smithetal2019,2019,https://doi.org/10.3389/fsufs.2019.00082,0.5,LRR,Ab,37,0.25,0.75,all,organic,,,90% confidence interval
ES250,JB160,Organic Farming Provides Reliable Environmental Benefits but Increases Variability in Crop Yields: A Global Meta-Analysis,Smithetal2019,2019,https://doi.org/10.3389/fsufs.2019.00082,0.15,LRR,SR,40,0.004,0.3,all,organic,,,90% confidence interval
ES251,JB160,Organic Farming Provides Reliable Environmental Benefits but Increases Variability in Crop Yields: A Global Meta-Analysis,Smithetal2019,2019,https://doi.org/10.3389/fsufs.2019.00082,0.54,LRR,Ab,19,0.16,0.92,all,organic,,,90% confidence interval
ES252,JB160,Organic Farming Provides Reliable Environmental Benefits but Increases Variability in Crop Yields: A Global Meta-Analysis,Smithetal2019,2019,https://doi.org/10.3389/fsufs.2019.00082,0.26,LRR,Ab,65,0.12,0.39,all,organic,,,90% confidence interval
ES253,JB160,Organic Farming Provides Reliable Environmental Benefits but Increases Variability in Crop Yields: A Global Meta-Analysis,Smithetal2019,2019,https://doi.org/10.3389/fsufs.2019.00082,0.19,LRR,Ab,16,-0.24,0.62,invertebrates,organic,,,90% confidence interval
ES254,JB160,Organic Farming Provides Reliable Environmental Benefits but Increases Variability in Crop Yields: A Global Meta-Analysis,Smithetal2019,2019,https://doi.org/10.3389/fsufs.2019.00082,0.33,LRR,Ab,19,0.025,0.63,all,organic,,,90% confidence interval
ES255,JB160,Organic Farming Provides Reliable Environmental Benefits but Increases Variability in Crop Yields: A Global Meta-Analysis,Smithetal2019,2019,https://doi.org/10.3389/fsufs.2019.00082,0.59,LRR,Ab,17,0.28,0.89,all,organic,,,90% confidence interval
ES256,JB160,Organic Farming Provides Reliable Environmental Benefits but Increases Variability in Crop Yields: A Global Meta-Analysis,Smithetal2019,2019,https://doi.org/10.3389/fsufs.2019.00082,0.54,LRR,SR,23,-0.005,0.18,all,organic,,,90% confidence interval
ES257,JB160,Organic Farming Provides Reliable Environmental Benefits but Increases Variability in Crop Yields: A Global Meta-Analysis,Smithetal2019,2019,https://doi.org/10.3389/fsufs.2019.00082,0.097,LRR,SR,70,0.032,0.16,all,organic,,,90% confidence interval
ES258,JB160,Organic Farming Provides Reliable Environmental Benefits but Increases Variability in Crop Yields: A Global Meta-Analysis,Smithetal2019,2019,https://doi.org/10.3389/fsufs.2019.00082,0.19,LRR,SR,18,0.069,0.44,invertebrates,organic,,,90% confidence interval
ES259,JB160,Organic Farming Provides Reliable Environmental Benefits but Increases Variability in Crop Yields: A Global Meta-Analysis,Smithetal2019,2019,https://doi.org/10.3389/fsufs.2019.00082,0.33,LRR,SR,31,0.12,0.39,all,organic,,,90% confidence interval
ES260,JB160,Organic Farming Provides Reliable Environmental Benefits but Increases Variability in Crop Yields: A Global Meta-Analysis,Smithetal2019,2019,https://doi.org/10.3389/fsufs.2019.00082,0.59,LRR,SR,64,0.39,0.6,all,organic,,,90% confidence interval
ES261,JB160,Organic Farming Provides Reliable Environmental Benefits but Increases Variability in Crop Yields: A Global Meta-Analysis,Smithetal2019,2019,https://doi.org/10.3389/fsufs.2019.00082,0.21,LRR,Ab,112,0.1,0.32,invertebrates,organic,,,90% confidence interval
ES262,JB160,Organic Farming Provides Reliable Environmental Benefits but Increases Variability in Crop Yields: A Global Meta-Analysis,Smithetal2019,2019,https://doi.org/10.3389/fsufs.2019.00082,0.31,LRR,Ab,62,0.16,0.45,microbes,organic,,,90% confidence interval
ES263,JB160,Organic Farming Provides Reliable Environmental Benefits but Increases Variability in Crop Yields: A Global Meta-Analysis,Smithetal2019,2019,https://doi.org/10.3389/fsufs.2019.00082,0.62,LRR,Ab,18,0.33,0.91,plants,organic,,,90% confidence interval
ES264,JB160,Organic Farming Provides Reliable Environmental Benefits but Increases Variability in Crop Yields: A Global Meta-Analysis,Smithetal2019,2019,https://doi.org/10.3389/fsufs.2019.00082,0.3,LRR,Ab,14,0.12,0.48,vertebrates,organic,,,90% confidence interval
ES265,JB160,Organic Farming Provides Reliable Environmental Benefits but Increases Variability in Crop Yields: A Global Meta-Analysis,Smithetal2019,2019,https://doi.org/10.3389/fsufs.2019.00082,0.16,LRR,SR,139,0.11,0.21,invertebrates,organic,,,90% confidence interval
ES266,JB160,Organic Farming Provides Reliable Environmental Benefits but Increases Variability in Crop Yields: A Global Meta-Analysis,Smithetal2019,2019,https://doi.org/10.3389/fsufs.2019.00082,0.07,LRR,SR,34,-0.093,0.23,microbes,organic,,,90% confidence interval
ES267,JB160,Organic Farming Provides Reliable Environmental Benefits but Increases Variability in Crop Yields: A Global Meta-Analysis,Smithetal2019,2019,https://doi.org/10.3389/fsufs.2019.00082,0.43,LRR,SR,68,0.32,0.55,plants,organic,,,90% confidence interval
ES268,JB160,Organic Farming Provides Reliable Environmental Benefits but Increases Variability in Crop Yields: A Global Meta-Analysis,Smithetal2019,2019,https://doi.org/10.3389/fsufs.2019.00082,0.33,LRR,SR,24,0.022,0.64,vertebrates,organic,,,90% confidence interval
ES269,JB160,Organic Farming Provides Reliable Environmental Benefits but Increases Variability in Crop Yields: A Global Meta-Analysis,Smithetal2019,2019,https://doi.org/10.3389/fsufs.2019.00082,0.31,LRR,SR,121,0.23,0.39,all,organic,,,90% confidence interval
ES270,JB160,Organic Farming Provides Reliable Environmental Benefits but Increases Variability in Crop Yields: A Global Meta-Analysis,Smithetal2019,2019,https://doi.org/10.3389/fsufs.2019.00082,0.21,LRR,SR,17,0.1,0.31,all,organic,,,90% confidence interval
ES271,JB160,Organic Farming Provides Reliable Environmental Benefits but Increases Variability in Crop Yields: A Global Meta-Analysis,Smithetal2019,2019,https://doi.org/10.3389/fsufs.2019.00082,0.13,LRR,SR,32,-0.056,0.31,all,organic,,,90% confidence interval
ES272,JB160,Organic Farming Provides Reliable Environmental Benefits but Increases Variability in Crop Yields: A Global Meta-Analysis,Smithetal2019,2019,https://doi.org/10.3389/fsufs.2019.00082,0.27,LRR,SR,22,0.16,0.38,all,organic,,,90% confidence interval
ES273,JB188,Effects of vegetation management intensity on biodiversity and ecosystem services in vineyards: A meta-analysis,Winteretal2018,2018,10.1111/1365-2664.13124,60.11131725,LRR,SR/Ab,24,N,N,all,vegetation removal,12.49479384,61.21173868,95% confidence interval
ES274,FEB23_467,A meta-analysis of the effects of communal livestock grazing on vegetation and soils in sub-Saharan Africa,YayneshetTryedte2015,2015,http://dx.doi.org/10.1016/j.jaridenv.2015.01.015,0.381473915,LRR,diversity,25,N,N,all,grazing,0.11036339,0.551816948,95% confidence interval
ES275,FEB23_467,A meta-analysis of the effects of communal livestock grazing on vegetation and soils in sub-Saharan Africa,YayneshetTryedte2015,2015,http://dx.doi.org/10.1016/j.jaridenv.2015.01.015,0.180722892,LRR,SR,82,N,N,all,grazing,0.055323334,0.500974098,95% confidence interval
ES276,JB103,Impacts of field-edge flower plantings on pollinator conservation and ecosystem service delivery : A meta-analysis,Loweetal2021,2021,10.1016/j.agee.2020.107290,0.17721519,HedgesD,Ab,12,N,N,invertebrates,diversification,0.232498063,0.805396914,95% confidence interval
ES277,JB103,Impacts of field-edge flower plantings on pollinator conservation and ecosystem service delivery : A meta-analysis,Loweetal2021,2021,10.1016/j.agee.2020.107290,-0.012658228,HedgesD,SR,6,N,N,invertebrates,diversification,0.251872901,0.616960088,95% confidence interval
ES278,JB044,Effects of manure fertilizer on crop yield and soil properties in China: A meta-analysis,Duetal2020,2020,10.1016/j.catena.2020.104617,0.471204188,LRR,Ab,52,N,N,microbes,organic,0.074527193,0.537423232,95% confidence interval
ES279,JB044,Effects of manure fertilizer on crop yield and soil properties in China: A meta-analysis,Duetal2020,2020,10.1016/j.catena.2020.104617,0.244736842,LRR,Ab,52,N,N,fungi,organic,0.072502685,0.522824299,95% confidence interval
ES280,JB044,Effects of manure fertilizer on crop yield and soil properties in China: A meta-analysis,Duetal2020,2020,10.1016/j.catena.2020.104617,0.323232323,LRR,Ab,50,N,N,microbes,organic,0.096200096,0.680237404,95% confidence interval
ES281,FEB23_411,"Responses of forest structure, functions and biodiversity to livestock disturbances: A global meta-analysis",LiJiang2021,2021,https://doi.org/10.1111/gcb.15781,0.4,HedgesD,SR,82,N,N,plants,grazing,,,95% confidence interval
ES282,FEB23_411,"Responses of forest structure, functions and biodiversity to livestock disturbances: A global meta-analysis",LiJiang2021,2021,https://doi.org/10.1111/gcb.15781,0.09,HedgesD,SR,4,N,N,amphibians-reptiles,grazing,,,95% confidence interval
ES283,FEB23_411,"Responses of forest structure, functions and biodiversity to livestock disturbances: A global meta-analysis",LiJiang2021,2021,https://doi.org/10.1111/gcb.15781,-1.52,HedgesD,SR,3,N,N,birds,grazing,,,95% confidence interval
ES284,FEB23_411,"Responses of forest structure, functions and biodiversity to livestock disturbances: A global meta-analysis",LiJiang2021,2021,https://doi.org/10.1111/gcb.15781,-0.17,HedgesD,SR,37,N,N,plants,grazing,,,95% confidence interval
ES285,FEB23_411,"Responses of forest structure, functions and biodiversity to livestock disturbances: A global meta-analysis",LiJiang2021,2021,https://doi.org/10.1111/gcb.15781,-0.13,HedgesD,SR,17,N,N,Trees,grazing,,,95% confidence interval
ES286,FEB23_411,"Responses of forest structure, functions and biodiversity to livestock disturbances: A global meta-analysis",LiJiang2021,2021,https://doi.org/10.1111/gcb.15781,-0.14,HedgesD,SR,28,N,N,invertebrates,grazing,,,95% confidence interval
ES287,FEB23_169,Nitrogen effects on grassland biomass production and biodiversity are stronger than those of phosphorus,Lietal2022,2022,http://dx.doi.org/10.1016/j.envpol.2022.119720,-1.111111111,HedgesD,SR,53,-1.854166667,-0.388888889,all,nutrient addition(nitrogen),,,95% confidence interval
ES288,FEB23_169,Nitrogen effects on grassland biomass production and biodiversity are stronger than those of phosphorus,Lietal2022,2022,http://dx.doi.org/10.1016/j.envpol.2022.119720,-0.319444444,HedgesD,SR,53,-0.763888889,0.111111111,all,nutrient addition(phosphorus),,,95% confidence interval
ES289,FEB23_169,Nitrogen effects on grassland biomass production and biodiversity are stronger than those of phosphorus,Lietal2022,2022,http://dx.doi.org/10.1016/j.envpol.2022.119720,-0.006944444,HedgesD,SR,53,-0.1875,0.125,all,nutrient addition(nitrogen+phosphorus),,,95% confidence interval
ES290,FEB23_169,Nitrogen effects on grassland biomass production and biodiversity are stronger than those of phosphorus,Lietal2022,2022,http://dx.doi.org/10.1016/j.envpol.2022.119720,0.093333333,HedgesD,Evenness,8,-1.253333333,1.453333333,all,nutrient addition(nitrogen),,,95% confidence interval
ES291,FEB23_169,Nitrogen effects on grassland biomass production and biodiversity are stronger than those of phosphorus,Lietal2022,2022,http://dx.doi.org/10.1016/j.envpol.2022.119720,0,HedgesD,Evenness,8,-0.306666667,0.24,all,nutrient addition(phosphorus),,,95% confidence interval
ES292,FEB23_169,Nitrogen effects on grassland biomass production and biodiversity are stronger than those of phosphorus,Lietal2022,2022,http://dx.doi.org/10.1016/j.envpol.2022.119720,-0.2,HedgesD,Evenness,8,-0.4,0.093333333,all,nutrient addition(nitrogen+phosphorus),,,95% confidence interval
ES293,FEB23_502,Multiple global changes drive grassland productivity and stability: A meta-analysis,Suetal2022,2022,http://dx.doi.org/10.1111/1365-2745.13983,-11.94029851,Percentage change,SR,142,-17.91044776,-5.671641791,all,nutrient addition(nitrogen),,,95% confidence interval
ES294,FEB23_502,Multiple global changes drive grassland productivity and stability: A meta-analysis,Suetal2022,2022,http://dx.doi.org/10.1111/1365-2745.13983,-6.268656716,Percentage change,SR,5,-19.10447761,6.865671642,all,nutrient addition(phosphorus),,,95% confidence interval
ES295,FEB23_502,Multiple global changes drive grassland productivity and stability: A meta-analysis,Suetal2022,2022,http://dx.doi.org/10.1111/1365-2745.13983,-14.02985075,Percentage change,SR,42,-23.28358209,-4.776119403,all,nutrient addition(nitrogen+phosphorus),,,95% confidence interval
ES296,FEB23_502,Multiple global changes drive grassland productivity and stability: A meta-analysis,Suetal2022,2022,http://dx.doi.org/10.1111/1365-2745.13983,2.388059701,Percentage change,SR,24,-3.582089552,8.358208955,all,nutrient addition(water),,,95% confidence interval
ES297,FEB23_502,Multiple global changes drive grassland productivity and stability: A meta-analysis,Suetal2022,2022,http://dx.doi.org/10.1111/1365-2745.13983,-6.567164179,Percentage change,SR,12,-14.62686567,1.492537313,all,less water,,,95% confidence interval
ES298,FEB23_502,Multiple global changes drive grassland productivity and stability: A meta-analysis,Suetal2022,2022,http://dx.doi.org/10.1111/1365-2745.13983,2.388059701,Percentage change,SR,3,-12.23880597,17.01492537,all,eCO2,,,95% confidence interval
ES299,FEB23_502,Multiple global changes drive grassland productivity and stability: A meta-analysis,Suetal2022,2022,http://dx.doi.org/10.1111/1365-2745.13983,-2.985074627,Percentage change,SR,21,-12.8358209,6.567164179,all,warming,,,95% confidence interval
ES300,JB073,Do polycultures promote win-wins or trade-offs in agricultural ecosystem services? A meta-analysis,Iversonetal2014,2014,10.1111/1365-2664.12334,-0.390243902,LRR,Biocontrol,148,N,N,invertebrates,diversification,0.12195122,1.483600617,95% confidence interval
ES301,JB073,Do polycultures promote win-wins or trade-offs in agricultural ecosystem services? A meta-analysis,Iversonetal2014,2014,10.1111/1365-2664.12334,0.251219512,LRR,Biocontrol,54,N,N,all,diversification,0.143106023,1.051610206,95% confidence interval
ES302,JB073,Do polycultures promote win-wins or trade-offs in agricultural ecosystem services? A meta-analysis,Iversonetal2014,2014,10.1111/1365-2664.12334,-0.229268293,LRR,Biocontrol,98,N,N,all,diversification,0.098307616,0.973195744,95% confidence interval
