ES_ID,StudyID,Title,Authors,Year,DOI,Prod_ES,Prod_ESType,Prod_measure,Prod_sample_size,Prod_CI_lower,Prod_CI_upper,Subgroup,CropType,Management_grouped,SE,SD,Notes
ES001,FEB23_02,Does plant diversity benefit agroecosystems? A synthetic review,Letourneauetal2011,2011,http://dx.doi.org/10.1890/09-2026.1,-0.695767855,HedgesD,yield,87,N,N,yield,all crops,diversification,0.292229898,,
ES002,FEB23_02,Does plant diversity benefit agroecosystems? A synthetic review,Letourneauetal2011,2011,http://dx.doi.org/10.1890/09-2026.2,-1.07,HedgesD,yield,42,-1.07,-0.27,yield inter-crop,all crops,diversification,,,
ES003,FEB23_02,Does plant diversity benefit agroecosystems? A synthetic review,Letourneauetal2011,2011,http://dx.doi.org/10.1890/09-2026.3,3.08,HedgesD,yield,14,2.68,3.48,yield push-pull,all crops,diversification,,,
ES004,FEB23_02,Does plant diversity benefit agroecosystems? A synthetic review,Letourneauetal2011,2011,http://dx.doi.org/10.1890/09-2026.4,-1.99,HedgesD,yield,30,-2.59,-1.43,yield around-crop,all crops,diversification,,,
ES005,FEB23_06,Contrasting effects of water and nutrient additions on grassland communities: A global meta-analysis,DeMalachetal2017,2017,http://dx.doi.org/10.1111/geb.12603,1.256097561,LRR,biomass,38,N,N,TB-W-all,grassland,nutrient addition(water),0.035258006,,TB-W-all
ES006,FEB23_06,Contrasting effects of water and nutrient additions on grassland communities: A global meta-analysis,DeMalachetal2017,2017,http://dx.doi.org/10.1111/geb.12604,1.239837398,LRR,biomass,19,N,N,TB-W,grassland,nutrient addition(water),0.055998009,,TB-W
ES007,FEB23_06,Contrasting effects of water and nutrient additions on grassland communities: A global meta-analysis,DeMalachetal2017,2017,http://dx.doi.org/10.1111/geb.12605,1.398373984,LRR,biomass,17,N,N,TB-N,grassland,nutrient addition(nitrogen),0.072590012,,TB-N
ES008,FEB23_06,Contrasting effects of water and nutrient additions on grassland communities: A global meta-analysis,DeMalachetal2017,2017,http://dx.doi.org/10.1111/geb.12606,1.605691057,LRR,biomass,19,N,N,TB-W+N,grassland,nutrient addition(water+nitrogen),0.101626016,,TB-W+N
ES009,FEB23_06,Contrasting effects of water and nutrient additions on grassland communities: A global meta-analysis,DeMalachetal2017,2017,http://dx.doi.org/10.1111/geb.12607,1.219512195,LRR,biomass,17,N,N,graminoid-W-all,graminoids,nutrient addition(water),0.051850008,,graminoid-W-all
ES010,FEB23_06,Contrasting effects of water and nutrient additions on grassland communities: A global meta-analysis,DeMalachetal2017,2017,http://dx.doi.org/10.1111/geb.12608,1.105691057,LRR,biomass,8,N,N,graminoid-W,graminoids,nutrient addition(water),0.082960013,,graminoid-W
ES011,FEB23_06,Contrasting effects of water and nutrient additions on grassland communities: A global meta-analysis,DeMalachetal2017,2017,http://dx.doi.org/10.1111/geb.12609,1.532520325,LRR,biomass,6,N,N,graminoid-N,graminoids,nutrient addition(nitrogen),0.116144019,,graminoid-N
ES012,FEB23_06,Contrasting effects of water and nutrient additions on grassland communities: A global meta-analysis,DeMalachetal2017,2017,http://dx.doi.org/10.1111/geb.12610,1.483739837,LRR,biomass,8,N,N,graminoid-W+N,graminoids,nutrient addition(water+nitrogen),0.203252033,,graminoid-W+N
ES013,FEB23_06,Contrasting effects of water and nutrient additions on grassland communities: A global meta-analysis,DeMalachetal2017,2017,http://dx.doi.org/10.1111/geb.12611,1.41902834,LRR,biomass,17,N,N,forb-W-all,forbs,nutrient addition(water),0.080558539,,forb-W-all
ES014,FEB23_06,Contrasting effects of water and nutrient additions on grassland communities: A global meta-analysis,DeMalachetal2017,2017,http://dx.doi.org/10.1111/geb.12612,1.451417004,LRR,biomass,8,N,N,forb-W,forbs,nutrient addition(water),0.121870611,,forb-W
ES015,FEB23_06,Contrasting effects of water and nutrient additions on grassland communities: A global meta-analysis,DeMalachetal2017,2017,http://dx.doi.org/10.1111/geb.12613,1.006072874,LRR,biomass,6,N,N,forb-N,forbs,nutrient addition(nitrogen),0.08675535,,forb-N
ES016,FEB23_06,Contrasting effects of water and nutrient additions on grassland communities: A global meta-analysis,DeMalachetal2017,2017,http://dx.doi.org/10.1111/geb.12614,1.228744939,LRR,biomass,8,N,N,forb-W+N,forbs,nutrient addition(water+nitrogen),0.117739403,,forb-W+N
ES017,FEB23_07,Mowing and warming effects on grassland species richness and harvested biomass: meta-analyses,Pisedduetal2021,2021,http://dx.doi.org/10.1007/s13593-021-00722-y,-0.23,LRR,biomass,18,-0.31,-0.14,,grassland,vegetation removal,,,effect of mowing on harvested biomass
ES018,FEB23_10,Conventional land-use intensification reduces species richness and increases production: A global meta-analysis,Beckmannetal2019,2019,http://dx.doi.org/10.1111/gcb.14606,20.15544041,Percentage change,yield,157,N,N,,all crops,intensification,5.710056043,,
ES019,FEB23_10,Conventional land-use intensification reduces species richness and increases production: A global meta-analysis,Beckmannetal2019,2019,http://dx.doi.org/10.1111/gcb.14607,-0.984455959,Percentage change,yield,9,N,N,yield low-low,all crops,intensification,7.772020725,,yield low-low
ES020,FEB23_10,Conventional land-use intensification reduces species richness and increases production: A global meta-analysis,Beckmannetal2019,2019,http://dx.doi.org/10.1111/gcb.14608,5.544041451,Percentage change,yield,39,N,N,yield low-medium,all crops,intensification,5.075605372,,yield low-medium
ES021,FEB23_10,Conventional land-use intensification reduces species richness and increases production: A global meta-analysis,Beckmannetal2019,2019,http://dx.doi.org/10.1111/gcb.14609,28.5492228,Percentage change,yield,14,N,N,yield low-high,all crops,intensification,10.78566141,,yield low-high
ES022,FEB23_10,Conventional land-use intensification reduces species richness and increases production: A global meta-analysis,Beckmannetal2019,2019,http://dx.doi.org/10.1111/gcb.14610,84.81865285,Percentage change,yield,19,N,N,yield medium-medium,all crops,intensification,9.67537274,,yield medium-medium
ES023,FEB23_10,Conventional land-use intensification reduces species richness and increases production: A global meta-analysis,Beckmannetal2019,2019,http://dx.doi.org/10.1111/gcb.14611,24.19689119,Percentage change,yield,39,N,N,yield medium-high,all crops,intensification,6.503119382,,yield medium-high
ES024,FEB23_10,Conventional land-use intensification reduces species richness and increases production: A global meta-analysis,Beckmannetal2019,2019,http://dx.doi.org/10.1111/gcb.14612,14.87046632,Percentage change,yield,39,N,N,yield high-high,all crops,intensification,5.868668711,,yield high-high
ES025,FEB23_10,Conventional land-use intensification reduces species richness and increases production: A global meta-analysis,Beckmannetal2019,2019,http://dx.doi.org/10.1111/gcb.14613,18.64321608,Percentage change,yield,83,N,N,yield wood,forest,intensification,7.845349195,,yield wood
ES026,FEB23_10,Conventional land-use intensification reduces species richness and increases production: A global meta-analysis,Beckmannetal2019,2019,http://dx.doi.org/10.1111/gcb.14614,35.22613065,Percentage change,yield,26,N,N,crop yield,all crops,intensification,13.99856425,,crop yield
ES027,FEB23_10,Conventional land-use intensification reduces species richness and increases production: A global meta-analysis,Beckmannetal2019,2019,http://dx.doi.org/10.1111/gcb.14615,15.02512563,Percentage change,yield,48,N,N,yield green fodder,green fodder,intensification,10.15280484,,yield green fodder
ES028,FEB23_132,"Global negative effects of nutrient enrichment on arbuscular mycorrhizal fungi, plant diversity and ecosystem multifunctionality",Maetal2020,2020,http://dx.doi.org/10.1111/nph.17077,-0.285440613,LRR,biomass,100,N,N,biomass-AMF,all crops,intensification,0.035186488,,extraradical biomass-AMF
ES029,FEB23_132,"Global negative effects of nutrient enrichment on arbuscular mycorrhizal fungi, plant diversity and ecosystem multifunctionality",Maetal2020,2020,http://dx.doi.org/10.1111/nph.17078,-0.365900383,LRR,biomass,61,N,N,biomass-AMF-N,all crops,intensification,0.041050903,,extraradical biomass-AMF-N
ES030,FEB23_132,"Global negative effects of nutrient enrichment on arbuscular mycorrhizal fungi, plant diversity and ecosystem multifunctionality",Maetal2020,2020,http://dx.doi.org/10.1111/nph.17079,-0.03256705,LRR,biomass,18,N,N,biomass-AMF-P,all crops,intensification,0.046915318,,extraradical biomass-AMF-P
ES031,FEB23_132,"Global negative effects of nutrient enrichment on arbuscular mycorrhizal fungi, plant diversity and ecosystem multifunctionality",Maetal2020,2020,http://dx.doi.org/10.1111/nph.17080,-0.293103448,LRR,biomass,21,N,N,biomass-AMF-NP,all crops,intensification,0.076237392,,extraradical biomass-AMF-NP
ES032,FEB23_132,"Global negative effects of nutrient enrichment on arbuscular mycorrhizal fungi, plant diversity and ecosystem multifunctionality",Maetal2020,2020,http://dx.doi.org/10.1111/nph.17081,-0.266283525,LRR,biomass,35,N,N,biomass-AMF-forest,forest,intensification,0.044960513,,extraradical biomass-AMF-forest
ES033,FEB23_132,"Global negative effects of nutrient enrichment on arbuscular mycorrhizal fungi, plant diversity and ecosystem multifunctionality",Maetal2020,2020,http://dx.doi.org/10.1111/nph.17082,-0.369731801,LRR,biomass,42,N,N,biomass-AMF-grassland,grassland,intensification,0.062553757,,extraradical biomass-AMF-grassland
ES034,FEB23_132,"Global negative effects of nutrient enrichment on arbuscular mycorrhizal fungi, plant diversity and ecosystem multifunctionality",Maetal2020,2020,http://dx.doi.org/10.1111/nph.17083,-0.27394636,LRR,biomass,9,N,N,biomass-AMF-agro,agroecosystems,intensification,0.125107514,,extraradical biomass-AMF-agro
ES035,FEB23_132,"Global negative effects of nutrient enrichment on arbuscular mycorrhizal fungi, plant diversity and ecosystem multifunctionality",Maetal2020,2020,http://dx.doi.org/10.1111/nph.17084,-0.151340996,LRR,biomass,12,N,N,biomass-AMF-AM,alpine meadow,intensification,0.080147001,,extraradical biomass-AMF-AM
ES036,FEB23_146,The effects of thinning and burning on understory vegetation in North America: A meta-analysis,Willmsetal2017,2017,http://dx.doi.org/10.1016/j.foreco.2017.03.010,-0.59,StdMeanDiff,cover,7,-1.05,-0.14,,shrubs,vegetation removal,,,
ES037,FEB23_193,"Effect of forest stand management on species composition, structural diversity, and productivity in the temperate zone of Europe",Dieleretal2017,2017,http://dx.doi.org/10.1007/s10342-017-1056-1,0.79,LRR,cover,9,0.64,0.98,Ratio Managed vs unmanaged,forest,vegetation removal,,,MeanTreeSize
ES038,FEB23_193,"Effect of forest stand management on species composition, structural diversity, and productivity in the temperate zone of Europe",Dieleretal2017,2017,http://dx.doi.org/10.1007/s10342-017-1056-1,0.92,LRR,cover,23,0.84,1.01,Ratio Managed vs unmanaged,forest,vegetation removal,,,StandBasalArea
ES039,FEB23_193,"Effect of forest stand management on species composition, structural diversity, and productivity in the temperate zone of Europe",Dieleretal2017,2017,http://dx.doi.org/10.1007/s10342-017-1056-1,1.16,LRR,cover,13,0.91,1.48,Ratio Managed vs unmanaged,forest,vegetation removal,,,NumberOfLivingTrees
ES040,FEB23_224,Cocoa agroforestry systems versus monocultures: a multi-dimensional meta-analysis,Nietheretal2020,2020,http://dx.doi.org/10.1088/1748-9326/abb053,-0.2035623,HedgesG,yield,36,N,N,CocoaYield,cocoa,diversification,0.05192917,,
ES041,FEB23_224,Cocoa agroforestry systems versus monocultures: a multi-dimensional meta-analysis,Nietheretal2020,2020,http://dx.doi.org/10.1088/1748-9326/abb053,9.0585242,HedgesG,yield,8,N,N,SystemYield,cocoa,diversification,3.99854598,,
ES042,FEB23_226,Vegetation responses and trade-offs with soil-related ecosystem services after shrub removal: A meta-analysis,Daryantoetal2019,2019,http://dx.doi.org/10.1002/ldr.3310,-9.926470588,Percentage change,cover,34,N,N,Fire,herbs,vegetation removal,12.19237695,,HerbCover<5
ES043,FEB23_226,Vegetation responses and trade-offs with soil-related ecosystem services after shrub removal: A meta-analysis,Daryantoetal2019,2019,http://dx.doi.org/10.1002/ldr.3310,16.91176471,Percentage change,cover,10,N,N,Fire,herbs,vegetation removal,19.69537815,,Herbcover>5
ES044,FEB23_226,Vegetation responses and trade-offs with soil-related ecosystem services after shrub removal: A meta-analysis,Daryantoetal2019,2019,http://dx.doi.org/10.1002/ldr.3310,30.14705882,Percentage change,biomass,12,N,N,Fire,herbs,vegetation removal,10.50420168,,HerbBiomass<5
ES045,FEB23_226,Vegetation responses and trade-offs with soil-related ecosystem services after shrub removal: A meta-analysis,Daryantoetal2019,2019,http://dx.doi.org/10.1002/ldr.3310,-7.720588235,Percentage change,biomass,5,N,N,Fire,herbs,vegetation removal,9.753901561,,HerbBiomass>5
ES046,FEB23_226,Vegetation responses and trade-offs with soil-related ecosystem services after shrub removal: A meta-analysis,Daryantoetal2019,2019,http://dx.doi.org/10.1002/ldr.3310,55.55555556,Percentage change,cover,47,N,N,Mechanical,herbs,vegetation removal,13.76741173,,HerbCover<5
ES047,FEB23_226,Vegetation responses and trade-offs with soil-related ecosystem services after shrub removal: A meta-analysis,Daryantoetal2019,2019,http://dx.doi.org/10.1002/ldr.3310,117.4603175,Percentage change,cover,11,N,N,Mechanical,herbs,vegetation removal,54.25979916,,HerbCover>5
ES048,FEB23_226,Vegetation responses and trade-offs with soil-related ecosystem services after shrub removal: A meta-analysis,Daryantoetal2019,2019,http://dx.doi.org/10.1002/ldr.3310,217.4603175,Percentage change,biomass,25,N,N,Mechanical,herbs,vegetation removal,42.11208293,,HerbBiomass<5
ES049,FEB23_226,Vegetation responses and trade-offs with soil-related ecosystem services after shrub removal: A meta-analysis,Daryantoetal2019,2019,http://dx.doi.org/10.1002/ldr.3310,266.6666667,Percentage change,biomass,3,N,N,Mechanical,herbs,vegetation removal,61.5484289,,HerbBiomass>5
ES050,FEB23_226,Vegetation responses and trade-offs with soil-related ecosystem services after shrub removal: A meta-analysis,Daryantoetal2019,2019,http://dx.doi.org/10.1002/ldr.3310,50,Percentage change,cover,5,N,N,Chemical,herbs,vegetation removal,31.7269765,,HerbCover<5
ES051,FEB23_226,Vegetation responses and trade-offs with soil-related ecosystem services after shrub removal: A meta-analysis,Daryantoetal2019,2019,http://dx.doi.org/10.1002/ldr.3310,36.55462185,Percentage change,cover,13,N,N,Chemical,herbs,vegetation removal,24.86708969,,HerbCover>5
ES052,FEB23_226,Vegetation responses and trade-offs with soil-related ecosystem services after shrub removal: A meta-analysis,Daryantoetal2019,2019,http://dx.doi.org/10.1002/ldr.3310,64.28571429,Percentage change,biomass,39,N,N,Chemical,herbs,vegetation removal,19.29343166,,HerbBiomass<5
ES053,FEB23_226,Vegetation responses and trade-offs with soil-related ecosystem services after shrub removal: A meta-analysis,Daryantoetal2019,2019,http://dx.doi.org/10.1002/ldr.3310,36.55462185,Percentage change,biomass,11,N,N,Chemical,herbs,vegetation removal,20.57966044,,HerbBiomass>5
ES054,FEB23_242,Cumulative nitrogen input drives species loss in terrestrial ecosystems,DeSchrijveretal2011,2011,http://dx.doi.org/10.1111/j.1466-8238.2011.00652.x,0.184,LRR,biomass,97,N,N,,all crops,nutrient addition(nitrogen),0.132653061,,
ES055,FEB23_242,Cumulative nitrogen input drives species loss in terrestrial ecosystems,DeSchrijveretal2011,2011,http://dx.doi.org/10.1111/j.1466-8238.2011.00652.x,-0.504,LRR,biomass,10,N,N,,forest,nutrient addition(nitrogen),0.314285714,,
ES056,FEB23_242,Cumulative nitrogen input drives species loss in terrestrial ecosystems,DeSchrijveretal2011,2011,http://dx.doi.org/10.1111/j.1466-8238.2011.00652.x,0.016,LRR,biomass,6,N,N,,heathland,nutrient addition(nitrogen),0.175510204,,
ES057,FEB23_242,Cumulative nitrogen input drives species loss in terrestrial ecosystems,DeSchrijveretal2011,2011,http://dx.doi.org/10.1111/j.1466-8238.2011.00652.x,0.32,LRR,biomass,43,N,N,,grassland,nutrient addition(nitrogen),0.057142857,,
ES058,FEB23_242,Cumulative nitrogen input drives species loss in terrestrial ecosystems,DeSchrijveretal2011,2011,http://dx.doi.org/10.1111/j.1466-8238.2011.00652.x,0.088,LRR,biomass,15,N,N,,freshwetland,nutrient addition(nitrogen),0.071428571,,
ES059,FEB23_242,Cumulative nitrogen input drives species loss in terrestrial ecosystems,DeSchrijveretal2011,2011,http://dx.doi.org/10.1111/j.1466-8238.2011.00652.x,0.488,LRR,biomass,12,N,N,,saltmarshes,nutrient addition(nitrogen),0.079591837,,
ES060,FEB23_242,Cumulative nitrogen input drives species loss in terrestrial ecosystems,DeSchrijveretal2011,2011,http://dx.doi.org/10.1111/j.1466-8238.2011.00652.x,0.156,LRR,biomass,10,N,N,,bogs,nutrient addition(nitrogen),0.148979592,,
ES061,FEB23_242,Cumulative nitrogen input drives species loss in terrestrial ecosystems,DeSchrijveretal2011,2011,http://dx.doi.org/10.1111/j.1466-8238.2011.00652.x,0.657142857,LRR,biomass,26,N,N,,graminoids,nutrient addition(nitrogen),0.228377065,,
ES062,FEB23_242,Cumulative nitrogen input drives species loss in terrestrial ecosystems,DeSchrijveretal2011,2011,http://dx.doi.org/10.1111/j.1466-8238.2011.00652.x,0.19047619,LRR,biomass,15,N,N,,forbs,nutrient addition(nitrogen),0.155490768,,
ES063,FEB23_242,Cumulative nitrogen input drives species loss in terrestrial ecosystems,DeSchrijveretal2011,2011,http://dx.doi.org/10.1111/j.1466-8238.2011.00652.x,0.257142857,LRR,biomass,19,N,N,,shrubs,nutrient addition(nitrogen),0.45675413,,
ES064,FEB23_242,Cumulative nitrogen input drives species loss in terrestrial ecosystems,DeSchrijveretal2011,2011,http://dx.doi.org/10.1111/j.1466-8238.2011.00652.x,-0.323809524,LRR,biomass,41,N,N,,bryophytes,nutrient addition(nitrogen),0.165208941,,
ES065,FEB23_242,Cumulative nitrogen input drives species loss in terrestrial ecosystems,DeSchrijveretal2011,2011,http://dx.doi.org/10.1111/j.1466-8238.2011.00652.x,-1.504761905,LRR,biomass,7,N,N,,lichens,nutrient addition(nitrogen),1.132167153,,
ES066,FEB23_303,A systematic review of elephant impact across Africa,Guldemondetal2017,2017,http://dx.doi.org/10.1371/journal.pone.0178935,-0.913043478,CohensD,abundance,41,N,N,elephants,herbs,grazing,0.155279503,,elephants
ES067,FEB23_303,A systematic review of elephant impact across Africa,Guldemondetal2017,2017,http://dx.doi.org/10.1371/journal.pone.0178935,-0.47826087,CohensD,abundance,132,N,N,elephants,tree,grazing,0.122005324,,elephants
ES068,FEB23_307,Edaphoclimatic drivers of the effect of extensive vegetation management on ecosystem services and biodiversity in vineyards,Chapela-Olivaetal2022,2022,http://dx.doi.org/10.1016/j.agee.2022.108115,-0.113269087,LRR,cover,23,N,N,ProvisioningES,orchard/vineyard,vegetation removal,0.065252016,,ProvisioningES
ES069,FEB23_307,Edaphoclimatic drivers of the effect of extensive vegetation management on ecosystem services and biodiversity in vineyards,Chapela-Olivaetal2022,2022,http://dx.doi.org/10.1016/j.agee.2022.108115,-0.000132131,LRR,cover,13,N,N,ProvisioningESIrrigation,orchard/vineyard,vegetation removal,0.082819866,,ProvisioningESIrrigation
ES070,FEB23_307,Edaphoclimatic drivers of the effect of extensive vegetation management on ecosystem services and biodiversity in vineyards,Chapela-Olivaetal2022,2022,http://dx.doi.org/10.1016/j.agee.2022.108115,-0.255920032,LRR,cover,11,N,N,ProvisioningESNoIrrigation,orchard/vineyard,vegetation removal,0.105407102,,ProvisioningESNoIrrigation
ES071,FEB23_311,Effects of Different Grazing Disturbances on the Plant Diversity and Ecological Functions of Alpine Grassland Ecosystem on the Qinghai-Tibetan Plateau,Lietal2021,2021,http://dx.doi.org/10.3389/fpls.2021.765070,-42.08955224,Percentage change,biomass,4,N,N,alpine_steppe,grassland,grazing,11.97075845,,AboveGroundBiomassPercentageChange
ES072,FEB23_311,Effects of Different Grazing Disturbances on the Plant Diversity and Ecological Functions of Alpine Grassland Ecosystem on the Qinghai-Tibetan Plateau,Lietal2021,2021,http://dx.doi.org/10.3389/fpls.2021.765070,-41.91044776,Percentage change,biomass,58,N,N,alpine_meadow,grassland,grazing,4.751751447,,AboveGroundBiomassPercentageChange
ES073,FEB23_311,Effects of Different Grazing Disturbances on the Plant Diversity and Ecological Functions of Alpine Grassland Ecosystem on the Qinghai-Tibetan Plateau,Lietal2021,2021,http://dx.doi.org/10.3389/fpls.2021.765070,-50.14925373,Percentage change,biomass,37,N,N,mixed_flock,grassland,grazing,5.482790131,,AboveGroundBiomassPercentageChange
ES074,FEB23_311,Effects of Different Grazing Disturbances on the Plant Diversity and Ecological Functions of Alpine Grassland Ecosystem on the Qinghai-Tibetan Plateau,Lietal2021,2021,http://dx.doi.org/10.3389/fpls.2021.765070,-17.91044776,Percentage change,biomass,18,N,N,yak,grassland,grazing,11.23971977,,AboveGroundBiomassPercentageChange
ES075,FEB23_311,Effects of Different Grazing Disturbances on the Plant Diversity and Ecological Functions of Alpine Grassland Ecosystem on the Qinghai-Tibetan Plateau,Lietal2021,2021,http://dx.doi.org/10.3389/fpls.2021.765070,-27.04477612,Percentage change,biomass,8,N,N,tibetan_sheep,grassland,grazing,5.208650624,,AboveGroundBiomassPercentageChange
ES076,FEB23_311,Effects of Different Grazing Disturbances on the Plant Diversity and Ecological Functions of Alpine Grassland Ecosystem on the Qinghai-Tibetan Plateau,Lietal2021,2021,http://dx.doi.org/10.3389/fpls.2021.765070,-43.1641791,Percentage change,biomass,6,N,N,annual_grazing,grassland,grazing,5.939689309,,AboveGroundBiomassPercentageChange
ES077,FEB23_311,Effects of Different Grazing Disturbances on the Plant Diversity and Ecological Functions of Alpine Grassland Ecosystem on the Qinghai-Tibetan Plateau,Lietal2021,2021,http://dx.doi.org/10.3389/fpls.2021.765070,-29.19402985,Percentage change,biomass,9,N,N,winter_grazing,grassland,grazing,4.294852269,,AboveGroundBiomassPercentageChange
ES078,FEB23_311,Effects of Different Grazing Disturbances on the Plant Diversity and Ecological Functions of Alpine Grassland Ecosystem on the Qinghai-Tibetan Plateau,Lietal2021,2021,http://dx.doi.org/10.3389/fpls.2021.765070,-44.05970149,Percentage change,biomass,48,N,N,summer_grazing,grassland,grazing,5.848309473,,AboveGroundBiomassPercentageChange
ES079,FEB23_311,Effects of Different Grazing Disturbances on the Plant Diversity and Ecological Functions of Alpine Grassland Ecosystem on the Qinghai-Tibetan Plateau,Lietal2021,2021,http://dx.doi.org/10.3389/fpls.2021.765070,-36.89552239,Percentage change,biomass,18,N,N,long-term_grazing,grassland,grazing,2.101736217,,AboveGroundBiomassPercentageChange
ES080,FEB23_311,Effects of Different Grazing Disturbances on the Plant Diversity and Ecological Functions of Alpine Grassland Ecosystem on the Qinghai-Tibetan Plateau,Lietal2021,2021,http://dx.doi.org/10.3389/fpls.2021.765070,-36,Percentage change,biomass,27,N,N,medium-term_grazing,grassland,grazing,1.096558026,,AboveGroundBiomassPercentageChange
ES081,FEB23_311,Effects of Different Grazing Disturbances on the Plant Diversity and Ecological Functions of Alpine Grassland Ecosystem on the Qinghai-Tibetan Plateau,Lietal2021,2021,http://dx.doi.org/10.3389/fpls.2021.765070,-58.02985075,Percentage change,biomass,18,N,N,short-term_grazing,grassland,grazing,1.187937862,,AboveGroundBiomassPercentageChange
ES082,FEB23_311,Effects of Different Grazing Disturbances on the Plant Diversity and Ecological Functions of Alpine Grassland Ecosystem on the Qinghai-Tibetan Plateau,Lietal2021,2021,http://dx.doi.org/10.3389/fpls.2021.765070,-38.86567164,Percentage change,biomass,26,N,N,free_grazing,grassland,grazing,3.746573256,,AboveGroundBiomassPercentageChange
ES083,FEB23_311,Effects of Different Grazing Disturbances on the Plant Diversity and Ecological Functions of Alpine Grassland Ecosystem on the Qinghai-Tibetan Plateau,Lietal2021,2021,http://dx.doi.org/10.3389/fpls.2021.765070,-55.34328358,Percentage change,biomass,15,N,N,heavy_grazing,grassland,grazing,7.584526348,,AboveGroundBiomassPercentageChange
ES084,FEB23_311,Effects of Different Grazing Disturbances on the Plant Diversity and Ecological Functions of Alpine Grassland Ecosystem on the Qinghai-Tibetan Plateau,Lietal2021,2021,http://dx.doi.org/10.3389/fpls.2021.765070,-36.89552239,Percentage change,biomass,14,N,N,medium_grazing,grassland,grazing,7.401766677,,AboveGroundBiomassPercentageChange
ES085,FEB23_311,Effects of Different Grazing Disturbances on the Plant Diversity and Ecological Functions of Alpine Grassland Ecosystem on the Qinghai-Tibetan Plateau,Lietal2021,2021,http://dx.doi.org/10.3389/fpls.2021.765070,-19.1641791,Percentage change,biomass,8,N,N,light_grazing,grassland,grazing,8.955223881,,AboveGroundBiomassPercentageChange
ES086,FEB23_311,Effects of Different Grazing Disturbances on the Plant Diversity and Ecological Functions of Alpine Grassland Ecosystem on the Qinghai-Tibetan Plateau,Lietal2021,2021,http://dx.doi.org/10.3389/fpls.2021.765070,-41.91044776,Percentage change,biomass,63,N,N,grazing,grassland,grazing,4.660371611,,AboveGroundBiomassPercentageChange
ES087,FEB23_311,Effects of Different Grazing Disturbances on the Plant Diversity and Ecological Functions of Alpine Grassland Ecosystem on the Qinghai-Tibetan Plateau,Lietal2021,2021,http://dx.doi.org/10.3389/fpls.2021.765070,-17.02479339,Percentage change,biomass,2,N,N,alpine_steppe,grassland,grazing,3.373250126,,BelowGroundBiomassPercentageChange
ES088,FEB23_311,Effects of Different Grazing Disturbances on the Plant Diversity and Ecological Functions of Alpine Grassland Ecosystem on the Qinghai-Tibetan Plateau,Lietal2021,2021,http://dx.doi.org/10.3389/fpls.2021.765070,-17.3553719,Percentage change,biomass,52,N,N,alpine_meadow,grassland,grazing,4.638218924,,BelowGroundBiomassPercentageChange
ES089,FEB23_311,Effects of Different Grazing Disturbances on the Plant Diversity and Ecological Functions of Alpine Grassland Ecosystem on the Qinghai-Tibetan Plateau,Lietal2021,2021,http://dx.doi.org/10.3389/fpls.2021.765070,-20.66115702,Percentage change,biomass,28,N,N,mixed_flock,grassland,grazing,6.577837747,,BelowGroundBiomassPercentageChange
ES090,FEB23_311,Effects of Different Grazing Disturbances on the Plant Diversity and Ecological Functions of Alpine Grassland Ecosystem on the Qinghai-Tibetan Plateau,Lietal2021,2021,http://dx.doi.org/10.3389/fpls.2021.765070,-24.46280992,Percentage change,biomass,10,N,N,yak,grassland,grazing,6.577837747,,BelowGroundBiomassPercentageChange
ES091,FEB23_311,Effects of Different Grazing Disturbances on the Plant Diversity and Ecological Functions of Alpine Grassland Ecosystem on the Qinghai-Tibetan Plateau,Lietal2021,2021,http://dx.doi.org/10.3389/fpls.2021.765070,-4.958677686,Percentage change,biomass,17,N,N,tibetan_sheep,grassland,grazing,5.987518975,,BelowGroundBiomassPercentageChange
ES092,FEB23_311,Effects of Different Grazing Disturbances on the Plant Diversity and Ecological Functions of Alpine Grassland Ecosystem on the Qinghai-Tibetan Plateau,Lietal2021,2021,http://dx.doi.org/10.3389/fpls.2021.765070,-11.73553719,Percentage change,biomass,4,N,N,annual_grazing,grassland,grazing,7.927137797,,BelowGroundBiomassPercentageChange
ES093,FEB23_311,Effects of Different Grazing Disturbances on the Plant Diversity and Ecological Functions of Alpine Grassland Ecosystem on the Qinghai-Tibetan Plateau,Lietal2021,2021,http://dx.doi.org/10.3389/fpls.2021.765070,0.661157025,Percentage change,biomass,13,N,N,winter_grazing,grassland,grazing,4.553887671,,BelowGroundBiomassPercentageChange
ES094,FEB23_311,Effects of Different Grazing Disturbances on the Plant Diversity and Ecological Functions of Alpine Grassland Ecosystem on the Qinghai-Tibetan Plateau,Lietal2021,2021,http://dx.doi.org/10.3389/fpls.2021.765070,-23.30578512,Percentage change,biomass,38,N,N,summer_grazing,grassland,grazing,5.565862709,,BelowGroundBiomassPercentageChange
ES095,FEB23_311,Effects of Different Grazing Disturbances on the Plant Diversity and Ecological Functions of Alpine Grassland Ecosystem on the Qinghai-Tibetan Plateau,Lietal2021,2021,http://dx.doi.org/10.3389/fpls.2021.765070,-15.53719008,Percentage change,biomass,15,N,N,long-term_grazing,grassland,grazing,7.252487772,,BelowGroundBiomassPercentageChange
ES096,FEB23_311,Effects of Different Grazing Disturbances on the Plant Diversity and Ecological Functions of Alpine Grassland Ecosystem on the Qinghai-Tibetan Plateau,Lietal2021,2021,http://dx.doi.org/10.3389/fpls.2021.765070,-22.6446281,Percentage change,biomass,28,N,N,medium-term_grazing,grassland,grazing,7.505481531,,BelowGroundBiomassPercentageChange
ES097,FEB23_311,Effects of Different Grazing Disturbances on the Plant Diversity and Ecological Functions of Alpine Grassland Ecosystem on the Qinghai-Tibetan Plateau,Lietal2021,2021,http://dx.doi.org/10.3389/fpls.2021.765070,-5.950413223,Percentage change,biomass,12,N,N,short-term_grazing,grassland,grazing,8.180131557,,BelowGroundBiomassPercentageChange
ES098,FEB23_311,Effects of Different Grazing Disturbances on the Plant Diversity and Ecological Functions of Alpine Grassland Ecosystem on the Qinghai-Tibetan Plateau,Lietal2021,2021,http://dx.doi.org/10.3389/fpls.2021.765070,-15.20661157,Percentage change,biomass,26,N,N,free_grazing,grassland,grazing,3.794906392,,BelowGroundBiomassPercentageChange
ES099,FEB23_311,Effects of Different Grazing Disturbances on the Plant Diversity and Ecological Functions of Alpine Grassland Ecosystem on the Qinghai-Tibetan Plateau,Lietal2021,2021,http://dx.doi.org/10.3389/fpls.2021.765070,-30.90909091,Percentage change,biomass,9,N,N,heavy_grazing,grassland,grazing,13.49300051,,BelowGroundBiomassPercentageChange
ES100,FEB23_311,Effects of Different Grazing Disturbances on the Plant Diversity and Ecological Functions of Alpine Grassland Ecosystem on the Qinghai-Tibetan Plateau,Lietal2021,2021,http://dx.doi.org/10.3389/fpls.2021.765070,1.818181818,Percentage change,biomass,13,N,N,medium_grazing,grassland,grazing,10.6257379,,BelowGroundBiomassPercentageChange
ES101,FEB23_311,Effects of Different Grazing Disturbances on the Plant Diversity and Ecological Functions of Alpine Grassland Ecosystem on the Qinghai-Tibetan Plateau,Lietal2021,2021,http://dx.doi.org/10.3389/fpls.2021.765070,-17.02479339,Percentage change,biomass,7,N,N,light_grazing,grassland,grazing,19.81784449,,BelowGroundBiomassPercentageChange
ES102,FEB23_311,Effects of Different Grazing Disturbances on the Plant Diversity and Ecological Functions of Alpine Grassland Ecosystem on the Qinghai-Tibetan Plateau,Lietal2021,2021,http://dx.doi.org/10.3389/fpls.2021.765070,-17.19008264,Percentage change,biomass,55,N,N,grazing,grassland,grazing,4.469556418,,BelowGroundBiomassPercentageChange
ES103,FEB23_385,Landscape context affects the sustainability of organic farming systems,Smithetal2020,2020,http://dx.doi.org/10.1073/pnas.1906909117,-0.27,LRR,yield,159,-0.32,-0.22,organic,all crops,organic,,,90% confidence interval
ES104,FEB23_570,"Impacts of nitrogen addition on plant biodiversity mountain grasslands depend on dose, application duration and climate: a systematic review",Humbertetal2016,2016,https://doi.org/10.1111/gcb.12986,0.346,LRR,biomass,92,N,N,AGB vascular,vascular plants,nutrient addition(nitrogen),0.035,,above ground biomass
ES105,FEB23_570,"Impacts of nitrogen addition on plant biodiversity mountain grasslands depend on dose, application duration and climate: a systematic review",Humbertetal2016,2016,https://doi.org/10.1111/gcb.12986,0.438,LRR,biomass,37,N,N,AGB grass,grass,nutrient addition(nitrogen),0.068,,above ground biomass
ES106,FEB23_570,"Impacts of nitrogen addition on plant biodiversity mountain grasslands depend on dose, application duration and climate: a systematic review",Humbertetal2016,2016,https://doi.org/10.1111/gcb.12986,0.155,LRR,biomass,34,N,N,AGB sedge,sedge,nutrient addition(nitrogen),0.11,,above ground biomass
ES107,FEB23_570,"Impacts of nitrogen addition on plant biodiversity mountain grasslands depend on dose, application duration and climate: a systematic review",Humbertetal2016,2016,https://doi.org/10.1111/gcb.12986,-0.499,LRR,biomass,21,N,N,AGB legumes,legumes,nutrient addition(nitrogen),0.346,,above ground biomass
ES108,FEB23_570,"Impacts of nitrogen addition on plant biodiversity mountain grasslands depend on dose, application duration and climate: a systematic review",Humbertetal2016,2016,https://doi.org/10.1111/gcb.12986,0.125,LRR,biomass,36,N,N,AGB forbe,forbs,nutrient addition(nitrogen),0.063,,above ground biomass
ES109,FEB23_577,How does grazing exclusion influence plant productivity and community structure in alpine grasslands of the Qinghai-Tibetan Plateau?,Liuetal2020,2020,http://dx.doi.org/10.1016/j.gecco.2020.e01066,93.125,Percentage change,biomass,242,N,N,above-ground biomass,grassland,grazing exclusion,12.11734694,,above ground biomass
ES110,FEB23_577,How does grazing exclusion influence plant productivity and community structure in alpine grasslands of the Qinghai-Tibetan Plateau?,Liuetal2020,2020,http://dx.doi.org/10.1016/j.gecco.2020.e01066,103.1840796,Percentage change,biomass,194,N,N,above-ground biomass-alpine_meadows,grassland,grazing exclusion,15.22997259,,above ground biomass
ES111,FEB23_577,How does grazing exclusion influence plant productivity and community structure in alpine grasslands of the Qinghai-Tibetan Plateau?,Liuetal2020,2020,http://dx.doi.org/10.1016/j.gecco.2020.e01066,44.27860697,Percentage change,biomass,36,N,N,above-ground biomass-alpine_steppe,grassland,grazing exclusion,9.341049853,,above ground biomass
ES112,FEB23_577,How does grazing exclusion influence plant productivity and community structure in alpine grasslands of the Qinghai-Tibetan Plateau?,Liuetal2020,2020,http://dx.doi.org/10.1016/j.gecco.2020.e01066,53.03482587,Percentage change,biomass,12,N,N,above-ground biomass-alpine_desert_steppe,grassland,grazing exclusion,9.747182455,,above ground biomass
ES113,FEB23_577,How does grazing exclusion influence plant productivity and community structure in alpine grasslands of the Qinghai-Tibetan Plateau?,Liuetal2020,2020,http://dx.doi.org/10.1016/j.gecco.2020.e01066,57.8125,Percentage change,biomass,170,N,N,below-ground biomass,grassland,grazing exclusion,10.20408163,,below ground biomass
ES114,FEB23_577,How does grazing exclusion influence plant productivity and community structure in alpine grasslands of the Qinghai-Tibetan Plateau?,Liuetal2020,2020,http://dx.doi.org/10.1016/j.gecco.2020.e01066,63.38308458,Percentage change,biomass,144,N,N,below-ground biomass-alpine_meadows,grassland,grazing exclusion,11.16864656,,below ground biomass
ES115,FEB23_577,How does grazing exclusion influence plant productivity and community structure in alpine grasslands of the Qinghai-Tibetan Plateau?,Liuetal2020,2020,http://dx.doi.org/10.1016/j.gecco.2020.e01066,9.651741294,Percentage change,biomass,23,N,N,below-ground biomass-alpine_steppe,grassland,grazing exclusion,7.513453142,,below ground biomass
ES116,FEB23_577,How does grazing exclusion influence plant productivity and community structure in alpine grasslands of the Qinghai-Tibetan Plateau?,Liuetal2020,2020,http://dx.doi.org/10.1016/j.gecco.2020.e01066,4.47761194,Percentage change,biomass,3,N,N,below-ground biomass-alpine_desert_steppe,grassland,grazing exclusion,1.624530409,,below ground biomass
ES117,FEB23_577,How does grazing exclusion influence plant productivity and community structure in alpine grasslands of the Qinghai-Tibetan Plateau?,Liuetal2020,2020,http://dx.doi.org/10.1016/j.gecco.2020.e01066,67.1875,Percentage change,biomass,152,N,N,total_biomass,grassland,grazing exclusion,10.68239796,,total biomass
ES118,FEB23_577,How does grazing exclusion influence plant productivity and community structure in alpine grasslands of the Qinghai-Tibetan Plateau?,Liuetal2020,2020,http://dx.doi.org/10.1016/j.gecco.2020.e01066,73.73134328,Percentage change,biomass,127,N,N,total_biomass-alpine_meadows,grassland,grazing exclusion,11.77784547,,total biomass
ES119,FEB23_577,How does grazing exclusion influence plant productivity and community structure in alpine grasslands of the Qinghai-Tibetan Plateau?,Liuetal2020,2020,http://dx.doi.org/10.1016/j.gecco.2020.e01066,12.039801,Percentage change,biomass,22,N,N,total_biomass-alpine_steppe,grassland,grazing exclusion,7.513453142,,total biomass
ES120,FEB23_577,How does grazing exclusion influence plant productivity and community structure in alpine grasslands of the Qinghai-Tibetan Plateau?,Liuetal2020,2020,http://dx.doi.org/10.1016/j.gecco.2020.e01066,9.253731343,Percentage change,biomass,3,N,N,total_biomass-alpine_desert_steppe,grassland,grazing exclusion,2.842928216,,total biomass
ES121,FEB23_577,How does grazing exclusion influence plant productivity and community structure in alpine grasslands of the Qinghai-Tibetan Plateau?,Liuetal2020,2020,http://dx.doi.org/10.1016/j.gecco.2020.e01066,34.6875,Percentage change,cover,170,N,N,coverage,grassland,grazing exclusion,5.102040816,,cover
ES122,FEB23_577,How does grazing exclusion influence plant productivity and community structure in alpine grasslands of the Qinghai-Tibetan Plateau?,Liuetal2020,2020,http://dx.doi.org/10.1016/j.gecco.2020.e01066,39.90049751,Percentage change,cover,123,N,N,coverage-alpine_meadows,grassland,grazing exclusion,6.498121637,,cover
ES123,FEB23_577,How does grazing exclusion influence plant productivity and community structure in alpine grasslands of the Qinghai-Tibetan Plateau?,Liuetal2020,2020,http://dx.doi.org/10.1016/j.gecco.2020.e01066,20.7960199,Percentage change,cover,35,N,N,coverage-alpine_steppe,grassland,grazing exclusion,6.701187938,,cover
ES124,FEB23_577,How does grazing exclusion influence plant productivity and community structure in alpine grasslands of the Qinghai-Tibetan Plateau?,Liuetal2020,2020,http://dx.doi.org/10.1016/j.gecco.2020.e01066,39.50248756,Percentage change,cover,12,N,N,coverage-alpine_desert_steppe,grassland,grazing exclusion,8.528784648,,cover
ES125,FEB23_597,Effects of nutrient addition on degraded alpine grasslands of the Qinghai-Tibetan Plateau: A meta-analysis,Wangetal2020,2020,http://dx.doi.org/10.1016/j.agee.2020.106970,-0.649253731,RR++,biomass,412,N,N,above-ground biomass,all crops,intensification,0.030459945,,AGB
ES126,FEB23_597,Effects of nutrient addition on degraded alpine grasslands of the Qinghai-Tibetan Plateau: A meta-analysis,Wangetal2020,2020,http://dx.doi.org/10.1016/j.agee.2020.106970,-0.679104478,RR++,biomass,313,N,N,below-ground biomass,all crops,intensification,0.053304904,,BGB
ES127,FEB23_597,Effects of nutrient addition on degraded alpine grasslands of the Qinghai-Tibetan Plateau: A meta-analysis,Wangetal2020,2020,http://dx.doi.org/10.1016/j.agee.2020.106970,-1.850746269,RR++,biomass,88,N,N,above-ground biomass-grass,grass,intensification,0.011422479,,AGB grass
ES128,FEB23_597,Effects of nutrient addition on degraded alpine grasslands of the Qinghai-Tibetan Plateau: A meta-analysis,Wangetal2020,2020,http://dx.doi.org/10.1016/j.agee.2020.106970,-1.537313433,RR++,biomass,72,N,N,above-ground biomass-sedge,sedge,intensification,0.209412123,,AGB sedge
ES129,FEB23_597,Effects of nutrient addition on degraded alpine grasslands of the Qinghai-Tibetan Plateau: A meta-analysis,Wangetal2020,2020,http://dx.doi.org/10.1016/j.agee.2020.106970,0.447761194,RR++,biomass,48,N,N,above-ground biomas-forbe,forbs,intensification,0.079957356,,AGB forbe
ES130,FEB23_597,Effects of nutrient addition on degraded alpine grasslands of the Qinghai-Tibetan Plateau: A meta-analysis,Wangetal2020,2020,http://dx.doi.org/10.1016/j.agee.2020.106970,-0.542553191,RR++,cover,279,N,N,coverage,all crops,intensification,0.028947749,,cover
ES131,FEB23_597,Effects of nutrient addition on degraded alpine grasslands of the Qinghai-Tibetan Plateau: A meta-analysis,Wangetal2020,2020,http://dx.doi.org/10.1016/j.agee.2020.106970,0.089820359,RR++,biomass,71,N,N,above-ground biomass-phosphorus addition,all crops,intensification,0.028107051,,AGB-P
ES132,FEB23_597,Effects of nutrient addition on degraded alpine grasslands of the Qinghai-Tibetan Plateau: A meta-analysis,Wangetal2020,2020,http://dx.doi.org/10.1016/j.agee.2020.106970,0.250867052,RR++,biomass,39,N,N,above-ground biomass-phosphorus addition-grass,grass,intensification,0.058983131,,AGB grass-P
ES133,FEB23_597,Effects of nutrient addition on degraded alpine grasslands of the Qinghai-Tibetan Plateau: A meta-analysis,Wangetal2020,2020,http://dx.doi.org/10.1016/j.agee.2020.106970,-0.062921348,RR++,biomass,22,N,N,above-ground biomass-phosphorus addition0sedge,sedge,intensification,0.060765879,,AGB sedge-P
ES134,FEB23_597,Effects of nutrient addition on degraded alpine grasslands of the Qinghai-Tibetan Plateau: A meta-analysis,Wangetal2020,2020,http://dx.doi.org/10.1016/j.agee.2020.106970,0.148235294,RR++,biomass,38,N,N,above-ground biomass-phosphorus addition-forbe,forbs,intensification,0.06482593,,AGB forbe-P
ES135,FEB23_597,Effects of nutrient addition on degraded alpine grasslands of the Qinghai-Tibetan Plateau: A meta-analysis,Wangetal2020,2020,http://dx.doi.org/10.1016/j.agee.2020.106970,-0.03919598,RR++,cover,12,N,N,coverage-phosphorus addition,all crops,intensification,0.047174649,,coverage-P
ES136,FEB23_597,Effects of nutrient addition on degraded alpine grasslands of the Qinghai-Tibetan Plateau: A meta-analysis,Wangetal2020,2020,http://dx.doi.org/10.1016/j.agee.2020.106970,0.37005988,RR++,biomass,172,N,N,above-ground biomass-nitrogen addition,all crops,intensification,0.019552731,,AGB -N
ES137,FEB23_597,Effects of nutrient addition on degraded alpine grasslands of the Qinghai-Tibetan Plateau: A meta-analysis,Wangetal2020,2020,http://dx.doi.org/10.1016/j.agee.2020.106970,0.447398844,RR++,biomass,81,N,N,above-ground biomass-nitrogen addition-grass,all crops,intensification,0.040108529,,AGB grass-N
ES138,FEB23_597,Effects of nutrient addition on degraded alpine grasslands of the Qinghai-Tibetan Plateau: A meta-analysis,Wangetal2020,2020,http://dx.doi.org/10.1016/j.agee.2020.106970,0.056179775,RR++,biomass,32,N,N,above-ground biomass-nitrogen addition-sedge,all crops,intensification,0.050447145,,AGB sedge-N
ES139,FEB23_597,Effects of nutrient addition on degraded alpine grasslands of the Qinghai-Tibetan Plateau: A meta-analysis,Wangetal2020,2020,http://dx.doi.org/10.1016/j.agee.2020.106970,0.103529412,RR++,biomass,81,N,N,above-ground biomass-nitrogen addition-forbe,all crops,intensification,0.044417767,,AGB forbe-N
ES140,FEB23_597,Effects of nutrient addition on degraded alpine grasslands of the Qinghai-Tibetan Plateau: A meta-analysis,Wangetal2020,2020,http://dx.doi.org/10.1016/j.agee.2020.106970,0.155778894,RR++,cover,33,N,N,coverage-nitrogen addition,all crops,intensification,0.015383038,,coverage-N
ES141,FEB23_597,Effects of nutrient addition on degraded alpine grasslands of the Qinghai-Tibetan Plateau: A meta-analysis,Wangetal2020,2020,http://dx.doi.org/10.1016/j.agee.2020.106970,0.377245509,RR++,biomass,91,N,N,above-ground biomass-nitrogen and phosphorus addition,all crops,intensification,0.024440914,,AGB-NP
ES142,FEB23_597,Effects of nutrient addition on degraded alpine grasslands of the Qinghai-Tibetan Plateau: A meta-analysis,Wangetal2020,2020,http://dx.doi.org/10.1016/j.agee.2020.106970,0.791907514,RR++,biomass,48,N,N,above-ground biomass-nitrogen and phosphorus addition-grass,grass,intensification,0.051905155,,AGB grass-NP
ES143,FEB23_597,Effects of nutrient addition on degraded alpine grasslands of the Qinghai-Tibetan Plateau: A meta-analysis,Wangetal2020,2020,http://dx.doi.org/10.1016/j.agee.2020.106970,0.197752809,RR++,biomass,36,N,N,above-ground biomass-nitrogen and phosphorus addition-sedge,sedge,intensification,0.051593671,,AGB sedge-NP
ES144,FEB23_597,Effects of nutrient addition on degraded alpine grasslands of the Qinghai-Tibetan Plateau: A meta-analysis,Wangetal2020,2020,http://dx.doi.org/10.1016/j.agee.2020.106970,5.55E-17,RR++,biomass,43,N,N,above-ground biomass-nitrogen and phosphorus addition-forbe,forbs,intensification,0.06242497,,AGB forbe-NP
ES145,FEB23_597,Effects of nutrient addition on degraded alpine grasslands of the Qinghai-Tibetan Plateau: A meta-analysis,Wangetal2020,2020,http://dx.doi.org/10.1016/j.agee.2020.106970,0.435175879,RR++,cover,12,N,N,coverage-nitrogen and phosphorus addition,all crops,intensification,0.006153215,,coverage-NP
ES146,FEB23_80,"Ecological, biophysical and production effects of incorporating rest into grazing regimes: A global meta-analysis",McDonaldetal2019,2019,http://dx.doi.org/10.1111/1365-2664.13496,-0.208383234,LRR,biomass,76,N,N,continuous grazing,grassland,grazing exclusion,0.050103874,,
ES147,FEB23_80,"Ecological, biophysical and production effects of incorporating rest into grazing regimes: A global meta-analysis",McDonaldetal2019,2019,http://dx.doi.org/10.1111/1365-2664.13497,-0.17005988,LRR,cover,38,N,N,continuous grazing,grassland,grazing exclusion,0.063546377,,
ES148,FEB23_80,"Ecological, biophysical and production effects of incorporating rest into grazing regimes: A global meta-analysis",McDonaldetal2019,2019,http://dx.doi.org/10.1111/1365-2664.13498,0.214248021,LRR,biomass,76,N,N,no grazing,grassland,grazing exclusion,0.089386678,,
ES149,FEB23_80,"Ecological, biophysical and production effects of incorporating rest into grazing regimes: A global meta-analysis",McDonaldetal2019,2019,http://dx.doi.org/10.1111/1365-2664.13499,0.106596306,LRR,cover,38,N,N,no grazing,grassland,grazing exclusion,0.035539282,,
ES150,FEB23_81,Do European agroforestry systems enhance biodiversity and ecosystem services? A meta-analysis,Torralbaetal2016,2016,http://dx.doi.org/10.1016/j.agee.2016.06.002,-0.009,LRR,timber,28,-0.158,0.142,,agroforestry systems,diversification,,,
ES151,FEB23_81,Do European agroforestry systems enhance biodiversity and ecosystem services? A meta-analysis,Torralbaetal2016,2016,http://dx.doi.org/10.1016/j.agee.2016.06.002,0.173,LRR,food,19,-0.049,0.395,,agroforestry systems,diversification,,,
ES152,FEB23_81,Do European agroforestry systems enhance biodiversity and ecosystem services? A meta-analysis,Torralbaetal2016,2016,http://dx.doi.org/10.1016/j.agee.2016.06.002,-0.532,LRR,biomass,20,-0.729,-0.334,,agroforestry systems,diversification,,,
ES153,FEB23_95,Revegetation of degraded ecosystems into grasslands using biosolids as an organic amendment: A meta-analysis,Plougheetal2020,2020,http://dx.doi.org/10.1111/avsc.12558,1.27,LRR,productivity,269,0.83,1.71,,grassland,organic,,,Productivity
ES154,FEB23_95,Revegetation of degraded ecosystems into grasslands using biosolids as an organic amendment: A meta-analysis,Plougheetal2020,2020,http://dx.doi.org/10.1111/avsc.12558,1.17,LRR,cover,214,0.81,1.53,,grassland,organic,,,Total vegetative cover
ES155,JB005,Effects of agricultural management practices on soil quality: A review of long-term experiments for Europe and China,Baietal2018,2018,10.1016/j.agee.2018.05.028,1.67,RR,yield,54,N,N,yes/no organic matter addition,all crops,organic,,1.19,
ES156,JB005,Effects of agricultural management practices on soil quality: A review of long-term experiments for Europe and China,Baietal2018,2018,10.1016/j.agee.2018.05.028,0.99,RR,yield,50,N,N,yes/no tillage,all crops,intensification,,0.12,
ES157,JB005,Effects of agricultural management practices on soil quality: A review of long-term experiments for Europe and China,Baietal2018,2018,10.1016/j.agee.2018.05.028,1.31,RR,yield,14,N,N,crop rotation vs monocult,all crops,diversification,,0.4,
ES158,JB005,Effects of agricultural management practices on soil quality: A review of long-term experiments for Europe and China,Baietal2018,2018,10.1016/j.agee.2018.05.028,0.96,RR,yield,13,N,N,organic vs conventional,all crops,organic,,0.3,
ES159,JB081,Biodiversity and yield under different land-use types in orchard/vineyard landscapes: A meta-analysis,Katayamaetal2019,2019,10.1016/j.biocon.2018.11.020,-0.011149826,LRR,yield,12,N,N,,orchard/vineyard,organic,0.066130982,,yield con-int
ES160,JB081,Biodiversity and yield under different land-use types in orchard/vineyard landscapes: A meta-analysis,Katayamaetal2019,2019,10.1016/j.biocon.2018.11.021,-0.180487805,LRR,yield,40,N,N,,orchard/vineyard,organic,0.045865036,,yield con-org
ES161,JB081,Biodiversity and yield under different land-use types in orchard/vineyard landscapes: A meta-analysis,Katayamaetal2019,2019,10.1016/j.biocon.2018.11.022,-0.23902439,LRR,yield,11,N,N,,orchard/vineyard,organic,0.131195335,,yield int-org
ES162,JB152,Can agroforestry systems enhance biodiversity and ecosystem service provision in agricultural landscapes? A meta-analysis for the Brazilian Atlantic Forest,Santosetal2019,2019,10.1016/j.foreco.2018.10.064,-1.317365269,RR,composite_measure,4,N,N,ConventionalSystems,all crops,diversification,1.07540022,,EffectSizeProvisioning
ES163,JB158,"Organic amendments enhance soil microbial diversity, microbial functionality and crop yields: A meta-analysis",Shuetal2022,2022,10.1016/j.scitotenv.2022.154627,0.09298246,LRR,yield,379,N,N,Organic vs mineral-only fertilization,all crops,organic,0.01432152,0.2788102,
ES164,JB160,Organic Farming Provides Reliable Environmental Benefits but Increases Variability in Crop Yields: A Global Meta-Analysis,Smithetal2019,2019,https://doi.org/10.3389/fsufs.2019.00082,-0.25,LRR,yield,295,-0.29,-0.21,,all crops,organic,,,90% confidence interval
ES165,JB160,Organic Farming Provides Reliable Environmental Benefits but Increases Variability in Crop Yields: A Global Meta-Analysis,Smithetal2019,2019,https://doi.org/10.3389/fsufs.2019.00082,-0.32,LRR,yield,121,-0.37,-0.27,,cereals,organic,,,90% confidence interval
ES166,JB160,Organic Farming Provides Reliable Environmental Benefits but Increases Variability in Crop Yields: A Global Meta-Analysis,Smithetal2019,2019,https://doi.org/10.3389/fsufs.2019.00082,-0.06,LRR,yield,31,-0.21,0.08,,fruits,organic,,,90% confidence interval
ES167,JB160,Organic Farming Provides Reliable Environmental Benefits but Increases Variability in Crop Yields: A Global Meta-Analysis,Smithetal2019,2019,https://doi.org/10.3389/fsufs.2019.00082,-0.28,LRR,yield,38,-0.39,-0.18,,oil crops,organic,,,90% confidence interval
ES168,JB160,Organic Farming Provides Reliable Environmental Benefits but Increases Variability in Crop Yields: A Global Meta-Analysis,Smithetal2019,2019,https://doi.org/10.3389/fsufs.2019.00082,-0.15,LRR,yield,11,-0.26,-0.043,,legumes,organic,,,90% confidence interval
ES169,JB160,Organic Farming Provides Reliable Environmental Benefits but Increases Variability in Crop Yields: A Global Meta-Analysis,Smithetal2019,2019,https://doi.org/10.3389/fsufs.2019.00082,-0.25,LRR,yield,8,-0.55,-0.059,,root,organic,,,90% confidence interval
ES170,JB160,Organic Farming Provides Reliable Environmental Benefits but Increases Variability in Crop Yields: A Global Meta-Analysis,Smithetal2019,2019,https://doi.org/10.3389/fsufs.2019.00082,-0.23,LRR,yield,71,-0.3,-0.16,,vegetables,organic,,,90% confidence interval
ES171,JB160,Organic Farming Provides Reliable Environmental Benefits but Increases Variability in Crop Yields: A Global Meta-Analysis,Smithetal2019,2019,https://doi.org/10.3389/fsufs.2019.00082,-0.31,LRR,yield,110,-0.36,-0.25,EU,all crops,organic,,,90% confidence interval
ES172,JB160,Organic Farming Provides Reliable Environmental Benefits but Increases Variability in Crop Yields: A Global Meta-Analysis,Smithetal2019,2019,https://doi.org/10.3389/fsufs.2019.00082,-0.23,LRR,yield,112,-0.29,-0.17,USA,all crops,organic,,,90% confidence interval
ES173,JB160,Organic Farming Provides Reliable Environmental Benefits but Increases Variability in Crop Yields: A Global Meta-Analysis,Smithetal2019,2019,https://doi.org/10.3389/fsufs.2019.00082,-0.24,LRR,yield,224,-0.28,-0.2,Experimental Station,all crops,organic,,,90% confidence interval
ES174,JB160,Organic Farming Provides Reliable Environmental Benefits but Increases Variability in Crop Yields: A Global Meta-Analysis,Smithetal2019,2019,https://doi.org/10.3389/fsufs.2019.00082,-0.31,LRR,yield,52,-0.4,-0.21,On Farm,all crops,organic,,,90% confidence interval
ES175,JB160,Organic Farming Provides Reliable Environmental Benefits but Increases Variability in Crop Yields: A Global Meta-Analysis,Smithetal2019,2019,https://doi.org/10.3389/fsufs.2019.00082,-0.15,LRR,yield,28,-0.3,0.004,Perennial,all crops,organic,,,
ES176,JB160,Organic Farming Provides Reliable Environmental Benefits but Increases Variability in Crop Yields: A Global Meta-Analysis,Smithetal2019,2019,https://doi.org/10.3389/fsufs.2019.00082,-0.27,LRR,yield,260,-0.3,-0.23,Annual,all crops,organic,,,
ES177,JB188,Effects of vegetation management intensity on biodiversity and ecosystem services in vineyards: A meta-analysis,Winteretal2018,2018,10.1111/1365-2664.13124,9.461966605,LRR,yield,45,N,N,,grapes,vegetation removal,6.247396918,41.90881257,GrapeQualityQuantity
ES178,FEB23_467,A meta-analysis of the effects of communal livestock grazing on vegetation and soils in sub-Saharan Africa,YayneshetTryedte2015,2015,http://dx.doi.org/10.1016/j.jaridenv.2015.01.015,0.8,LRR,biomass,41,N,N,,herbs,grazing,0.167638484,1.07341004,HerbaceousBiomass_lnRR
ES179,FEB23_467,A meta-analysis of the effects of communal livestock grazing on vegetation and soils in sub-Saharan Africa,YayneshetTryedte2015,2015,http://dx.doi.org/10.1016/j.jaridenv.2015.01.015,0.777777778,LRR,cover,34,N,N,,herbs,grazing,0.198412698,1.1569349,herbaceousBasalCover_lnRR
ES180,FEB23_467,A meta-analysis of the effects of communal livestock grazing on vegetation and soils in sub-Saharan Africa,YayneshetTryedte2015,2015,http://dx.doi.org/10.1016/j.jaridenv.2015.01.015,0.022727273,LRR,cover,33,N,N,,forest,grazing,0.139146568,0.799336175,WoodyCanopyCover_lnRR
ES181,FEB23_467,A meta-analysis of the effects of communal livestock grazing on vegetation and soils in sub-Saharan Africa,YayneshetTryedte2015,2015,http://dx.doi.org/10.1016/j.jaridenv.2015.01.015,-0.032258065,LRR,density,15,N,N,,forest,grazing,0.144832126,0.560932414,WoodyDensity_lnRR
ES182,JB103,Impacts of field-edge flower plantings on pollinator conservation and ecosystem service delivery : A meta-analysis,Loweetal2021,2021,10.1016/j.agee.2020.107290,0.341772152,HedgesD,yield,7,N,N,,all crops,diversification,0.251872901,0.666393058,
ES183,FEB23_411,"Responses of forest structure, functions and biodiversity to livestock disturbances: A global meta-analysis",LiJiang2021,2021,https://doi.org/10.1111/gcb.15781,-0.54,HedgesD,biomass,104,N,N,,forest,grazing,,,
ES184,FEB23_169,Nitrogen effects on grassland biomass production and biodiversity are stronger than those of phosphorus,Lietal2022,2022,https://doi.org/10.1016/j.envpol.2022.119720,1.409722222,HedgesD++,biomass,132,0.826388889,2.041666667,,grassland,nutrient addition(nitrogen),,,above-ground net primary production (ANPP)
ES185,FEB23_169,Nitrogen effects on grassland biomass production and biodiversity are stronger than those of phosphorus,Lietal2022,2022,https://doi.org/10.1016/j.envpol.2022.119720,0.701388889,HedgesD++,biomass,132,0.319444444,1.048611111,Phosphorus,all crops,nutrient addition(phosphorus),,,above-ground net primary production (ANPP)
ES186,FEB23_169,Nitrogen effects on grassland biomass production and biodiversity are stronger than those of phosphorus,Lietal2022,2022,https://doi.org/10.1016/j.envpol.2022.119720,0.409722222,HedgesD++,biomass,132,0.152777778,0.638888889,NxP,all crops,nutrient addition(nitrogen+phosphorus),,,above-ground net primary production (ANPP)
ES187,FEB23_169,Nitrogen effects on grassland biomass production and biodiversity are stronger than those of phosphorus,Lietal2022,2022,https://doi.org/10.1016/j.envpol.2022.119720,0.890410959,HedgesD++,biomass,8,-0.095890411,1.98630137,Nitrogen,all crops,nutrient addition(nitrogen),,,below-ground net primary production (BNPP)
ES188,FEB23_169,Nitrogen effects on grassland biomass production and biodiversity are stronger than those of phosphorus,Lietal2022,2022,https://doi.org/10.1016/j.envpol.2022.119720,-0.109589041,HedgesD++,biomass,8,-0.410958904,0.178082192,Phosphorus,all crops,nutrient addition(phosphorus),,,below-ground net primary production (BNPP)
ES189,FEB23_169,Nitrogen effects on grassland biomass production and biodiversity are stronger than those of phosphorus,Lietal2022,2022,https://doi.org/10.1016/j.envpol.2022.119720,0.287671233,HedgesD++,biomass,8,-0.301369863,0.849315068,NxP,all crops,nutrient addition(nitrogen+phosphorus),,,below-ground net primary production (BNPP)
ES190,FEB23_502,Multiple global changes drive grassland productivity and stability: A meta-analysis,Suetal2022,2022,http://dx.doi.org/10.1111/1365-2745.13983,36.51685393,Percentage change,biomass,221,28.65168539,45.50561798,,all crops,nutrient addition(nitrogen),,,above-ground net primary production (ANPP)
ES191,FEB23_502,Multiple global changes drive grassland productivity and stability: A meta-analysis,Suetal2022,2022,http://dx.doi.org/10.1111/1365-2745.13983,5.056179775,Percentage change,biomass,20,-28.08988764,38.20224719,,all crops,nutrient addition(phosphorus),,,above-ground net primary production (ANPP)
ES192,FEB23_502,Multiple global changes drive grassland productivity and stability: A meta-analysis,Suetal2022,2022,http://dx.doi.org/10.1111/1365-2745.13983,53.37078652,Percentage change,biomass,57,32.58426966,74.15730337,,all crops,nutrient addition(nitrogen+phosphorus),,,above-ground net primary production (ANPP)
ES193,FEB23_502,Multiple global changes drive grassland productivity and stability: A meta-analysis,Suetal2022,2022,http://dx.doi.org/10.1111/1365-2745.13983,19.1011236,Percentage change,biomass,48,10.6741573,27.52808989,,all crops,nutrient addition(water),,,above-ground net primary production (ANPP)
ES194,FEB23_502,Multiple global changes drive grassland productivity and stability: A meta-analysis,Suetal2022,2022,http://dx.doi.org/10.1111/1365-2745.13983,-13.48314607,Percentage change,biomass,35,-21.34831461,-5.056179775,,all crops,less water,,,above-ground net primary production (ANPP)
ES195,FEB23_502,Multiple global changes drive grassland productivity and stability: A meta-analysis,Suetal2022,2022,http://dx.doi.org/10.1111/1365-2745.13983,12.35955056,Percentage change,biomass,27,3.93258427,20.78651685,,all crops,eCO2,,,above-ground net primary production (ANPP)
ES196,FEB23_502,Multiple global changes drive grassland productivity and stability: A meta-analysis,Suetal2022,2022,http://dx.doi.org/10.1111/1365-2745.13983,7.865168539,Percentage change,biomass,53,0,16.85393258,,all crops,warming,,,above-ground net primary production (ANPP)
ES197,JB073,Do polycultures promote win-wins or trade-offs in agricultural ecosystem services? A meta-analysis,Iversonetal2014,2014,10.1111/1365-2664.12334,0.516,LRR,yield,39,N,N,,maize,diversification,0.125714286,0.785085463,MaizeSubstitutive
ES198,JB073,Do polycultures promote win-wins or trade-offs in agricultural ecosystem services? A meta-analysis,Iversonetal2014,2014,10.1111/1365-2664.12334,-0.2364,LRR,yield,109,N,N,,maize,diversification,0.107755102,1.124996293,MaizeAdditive
ES199,JB073,Do polycultures promote win-wins or trade-offs in agricultural ecosystem services? A meta-analysis,Iversonetal2014,2014,10.1111/1365-2664.12334,0.34,LRR,yield,30,N,N,,legumes,diversification,0.105510204,0.577903188,LegumeSubstitutive
ES200,JB073,Do polycultures promote win-wins or trade-offs in agricultural ecosystem services? A meta-analysis,Iversonetal2014,2014,10.1111/1365-2664.12334,-0.1572,LRR,yield,40,N,N,,legumes,diversification,0.085306122,0.539523291,LegumeAdditive
ES201,JB073,Do polycultures promote win-wins or trade-offs in agricultural ecosystem services? A meta-analysis,Iversonetal2014,2014,10.1111/1365-2664.12334,0.45,LRR,yield,48,N,N,,all crops,diversification,0.09877551,0.684336809,OtherSubstitutive
ES202,JB073,Do polycultures promote win-wins or trade-offs in agricultural ecosystem services? A meta-analysis,Iversonetal2014,2014,10.1111/1365-2664.12334,-0.4916,LRR,yield,35,N,N,,all crops,diversification,0.273877551,1.620281443,OtherAdditive
ES203,JB044,Effects of manure fertilizer on crop yield and soil properties in China: A meta-analysis,Duetal2020,2020,10.1016/j.catena.2020.104617,3.7,Percentage change,yield,143,N,N,only manure,all crops,organic,4.6,,only manure
ES204,JB044,Effects of manure fertilizer on crop yield and soil properties in China: A meta-analysis,Duetal2020,2020,10.1016/j.catena.2020.104617,8.2,Percentage change,yield,631,N,N,manure and mineral fertilizer,all crops,organic,1.2,,manure and mineral fertilizer
ES205,JB044,Effects of manure fertilizer on crop yield and soil properties in China: A meta-analysis,Duetal2020,2020,10.1016/j.catena.2020.104617,7.6,Percentage change,yield,774,N,N,manure vs mineral,all crops,organic,1.3,,manure vs mineral
